"","E","Y1","Y2","Y3","Y4","Y5"
"1",-0.673173103569544,-1.25511088790947,-1.25511088790947,-1.25511088790947,-1.25511088790947,-1.25511088790947
"2",0.270107622328896,0.715706038291792,0.715706038291792,0.715706038291792,0.715706038291792,0.715706038291792
"3",-0.142467009769334,-0.581352315613899,0.25400639964488,-0.00741319860488626,0.25400639964488,0.422010424370189
"4",-0.0076445871681435,0.325771673569607,-0.236250346848536,-0.0788780920528107,0.345577115913468,0.174328162569303
"5",0.717345149660823,0.556752689026463,0.929970461824505,0.713522856076751,0.766075854673711,0.818119753618333
"6",-0.51140595551716,-1.00498584492864,-1.34837937115921,-0.152733380686749,-0.533882442371193,0.338138471484251
"7",0.148846161464238,0.804760870583704,1.36238759550753,-0.106856816294342,0.768656406979822,0.0960262665962082
"8",-0.751079964957296,-1.19811424868842,-1.97722880091407,-0.676656884225177,-1.30200635247396,-0.619041124267452
"9",-1.44600306344379,-0.621621949612386,0.333502857378881,-1.82154304592243,-0.594207313513705,-2.1929677204829
"10",0.895823384358447,1.64043527819778,0.595670812717454,0.172821852636554,0.292881766928183,-1.14295877965319
"11",0.826028108262804,-0.262936546143618,0.289924376817095,1.27393980044203,0.381639190076126,0.588164532650114
"12",-1.29810989515994,-1.41445005456697,-1.55904183429533,-0.885095841028538,-1.23687259202587,-0.532197121438469
"13",-0.244287851888858,0.85237014394261,1.15884979897693,-0.893342799468828,0.355757439764578,-1.21266107233191
"14",2.51301163672435,2.16011292031971,1.47004681764511,2.39086771077993,1.66416084957946,1.66327106738078
"15",0.485245192226564,-1.3487147589506,-0.837796943654038,1.74175101058874,0.199451401211473,2.73971365101721
"16",-0.534502625805415,-0.00571880399808633,0.219514623483219,-0.291880029692133,0.40415846357882,1.35194816091819
"17",-0.324452152969017,-0.16124196322835,-0.522015314103914,-0.591703465871725,-0.326028851315779,0.219465430679191
"18",-1.69790574019457,-1.51994911268969,-1.22809195750105,-1.86013181667908,-1.35760200665254,-1.72845255827156
"19",-2.91371423463482,-1.64436795623161,-1.80843147288388,-3.76266710473211,-2.70205094342853,-4.79973863969505
"20",1.07434148440173,2.77063973290798,2.70192980999723,-0.38251563291568,1.07039556343876,-3.26235881673271
"21",-0.260636728199843,-1.96825903997435,-2.69237355719735,0.276534014001023,-2.20298596328859,-1.6808812760386
"22",0.467792135858406,1.53011267430554,2.89092833733602,0.337473771758485,1.77092526290824,-0.671054993864676
"23",0.951669778582078,0.046275800671788,-1.65016572502034,1.18556584651128,-0.901399378263549,0.782932850192475
"24",0.452000136444944,0.143361302534427,1.93714928896325,0.927835025735983,1.78497510766895,1.39759473585147
"25",2.189881255448,1.9826005632473,0.446446895381074,2.41588132367047,1.11354909618918,3.25443816518135
"26",-0.509338238140383,-2.15760289639843,-0.91114044398335,0.585602389583616,0.227582097604234,2.53826528869243
"27",-0.757423391930094,0.474179527711238,0.0626030076549214,-1.01209251100029,-0.157568563497854,0.510866662215171
"28",-0.230316169852203,-0.240178916128794,-0.286658876741632,-0.60902786581725,-0.0464963422403065,-0.302507868488147
"29",-1.67182592886268,-1.48264161984262,-1.41383293979521,-1.78698401378878,-1.7524181642893,-1.96848873488167
"30",1.13236284416114,2.37523143274125,2.40481248997683,0.296449879729802,1.63019048810375,-0.884643361199198
"31",0.743036168223225,-0.784288401395744,-1.42129507275592,1.3092175903038,-0.797471876781477,0.778431573584277
"32",-1.09316419367169,-0.923930843440789,0.186001371808635,-0.721646109560081,0.124191662224997,-0.254587165409515
"33",-0.469607797928288,0.320306881893614,-0.63700903255606,-1.01618989476414,-0.985348422664674,-1.16894219400984
"34",-0.404643646460262,-0.423914748028583,0.168664482840191,-0.639447545424407,-0.0345241223258618,-1.34081286183031
"35",-0.0298405930616945,0.303509874890676,-0.181638627617867,-0.232162416291826,-0.61069240996274,-1.03665013339001
"36",-1.17267018734145,-1.31547294686828,-1.00919542248537,-1.1875904838723,-1.01017693774815,-1.80958056390631
"37",0.959115132626527,1.96865266226311,1.86739101286336,0.372780038955801,0.895752767973328,-0.712968299387985
"38",-0.728237572357785,-2.0002984432773,-2.40888948393481,-0.248680006044522,-1.60306956539867,-0.676460985677313
"39",0.136139351605778,1.35475984495176,2.30413988714711,-0.227979434573114,1.15451188200938,-0.633856025979502
"40",-0.904013090354438,-1.62223481831205,-2.97773898878684,-0.835943414551549,-2.21220839419645,-1.21625703013925
"41",-1.48903159024419,-0.406710253981832,1.19093349966396,-1.94103813542141,-0.132661942779627,-2.67079235350496
"42",1.58575395980063,2.2358185638648,0.513913810103061,0.841238164678533,0.298227506116643,-0.761237247424442
"43",0.852012058369609,-0.74162341150298,0.389489629276854,1.64488903826992,0.68294664086684,1.18814668981526
"44",-0.584195674331521,-0.468987586090914,-0.93473634068069,-0.158189645146717,-0.610143162921587,0.554698368742438
"45",-0.642492110168467,-0.232739614823553,0.198770596444155,-0.934589947334227,-0.0496811767718865,-0.601770926088764
"46",-1.27051703296819,-0.961399592505874,-1.44941056976793,-1.59176308805242,-1.62169857768958,-1.95282564370568
"47",-0.201190320290242,0.660664585853152,1.10327919250089,-0.836448836774337,0.255510546953499,-2.00814422299775
"48",-0.279440667328254,-0.549415864167757,-1.27239194057906,-0.380035827473375,-1.32911297802805,-1.58492236127202
"49",-0.816059286363643,-0.457519154081288,0.32909346015751,-0.95577962002777,-0.264019064783129,-1.90673303679098
"50",-1.02535038467395,-0.551773021724215,-1.32153449881571,-1.43338002785577,-1.74361245205584,-2.57741984993036
"51",-0.0878336589883313,0.495657967275962,1.10154738994581,-0.600508851325307,0.276838637758544,-2.14696076128353
"52",-1.20895683788305,-1.43043572382453,-2.20034948883428,-1.25287366737721,-2.33817590044412,-2.54105012414733
"53",0.942774419509895,2.02067933278707,2.92308895946074,0.338296000568371,1.81033037229826,-1.18633407392003
"54",0.754513590695416,-0.538658401551089,-1.87626647281925,1.22590080045036,-1.19149106126053,0.514100356098348
"55",-0.270283076608376,-0.227307953041456,1.41835674892895,0.106973718739332,1.17336246514874,0.415433932398341
"56",1.37258429617335,1.56732319567659,0.0960632221372961,1.23744275786916,0.305680919872413,1.48670311730817
"57",-0.77348921297526,-1.96892609966556,-0.859946112898827,-0.0871970648885839,-0.161176009847742,0.804824805496317
"58",0.0669431573362543,1.28345297106161,0.840894658945198,-0.319801449151376,0.298704512214024,0.163093434146415
"59",-0.134773768512118,-0.796583201243801,-0.891578961562796,-0.101302189843991,-0.32109072808497,-0.00344612935614187
"60",-1.35403675017537,-0.915313018999839,-0.551615684768858,-1.42142363443143,-1.07848682442147,-1.42349131204512
"61",-1.09363179245183,-0.229764257899303,-0.597177676159863,-1.77065016753952,-0.962740181976376,-2.62474495476659
"62",0.218232444745279,0.661204111430481,0.755692353289156,-0.328583451480638,-0.140037595314689,-1.90343042434059
"63",-1.14675783666106,-1.54282962579988,-1.8268809546213,-1.03764161428842,-1.68239066725248,-2.17969986889277
"64",1.52888931139914,2.64433147529739,3.1730821705583,0.955510393068608,1.94958395438607,-0.352309528267056
"65",1.9498486339543,0.169016102885858,-0.905925319548178,2.71429328965386,0.355539047286991,2.50290757269363
"66",0.763448985832204,0.0939863442029865,1.57878177342556,1.73837330280935,1.82653764427775,3.24011784642553
"67",2.01067168164974,1.73464381379858,0.589768085566728,2.39239617456584,1.67603381673861,4.33646688242115
"68",-1.20538279065244,-2.67590620204666,-1.7361740676625,-0.200046949827577,-0.612270349107379,2.40183317962512
"69",-0.890672134263231,0.80889580395583,0.671884526633019,-1.49336352958945,0.298629260512146,-0.0522636218143842
"70",-0.492739968306329,-0.629986230005274,-1.09743604227605,-0.938076035437944,-0.9496909559244,-0.969434208526575
"71",0.787756365223693,1.25057147071823,1.77544880327213,0.541386381070528,1.2518412083083,-0.0402741440454166
"72",-0.225383831980826,-1.08699647690705,-1.82328775492575,0.16849435063102,-1.17075076802796,0.14432986420377
"73",0.673254208402854,1.28436759645063,2.31421318783603,0.560562292412441,1.77558416379622,0.647160210934704
"74",1.47238901972113,0.628228958974963,-0.610402849331291,1.80901612392256,0.237263309765493,2.19731225048338
"75",0.347057634471914,-0.408773550931908,0.896420198870076,1.08325214433248,1.34122913982,2.40163949462251
"76",-0.297466602830516,-0.197197117706136,-1.10424478181358,-0.123937785594559,-0.55747735891722,1.31704591117895
"77",0.516300607674119,0.704139147376342,1.51012091130634,0.367567306258861,1.48828129924128,1.15779485296623
"78",0.786756632993179,0.279796877002772,-0.572352187182531,1.04490693683024,0.00578582787046156,1.73958384860997
"79",-0.298299530792767,-0.674224959192107,0.216817437671511,0.0950787857038219,0.592933500390864,1.13882909486981
"80",-0.437415335149483,-0.0108129963155998,-0.632551029053843,-0.586565100545867,-0.611823888544466,0.0967323563760167
"81",-1.77134766201343,-1.63471656331078,-1.20205173586497,-1.99005532958817,-1.23204039521557,-1.93201591576256
"82",0.734985657731302,2.08374823799072,1.81683222000977,-0.150688173275412,0.737503443169293,-1.30989772273295
"83",0.292087520786968,-0.970282295527783,-1.34306147722183,0.659580349652618,-0.668387749293161,-0.12635828398715
"84",-0.0574597399948709,0.34005515153293,1.15129558950477,0.088584020398613,0.585558650694653,0.0127690500063233
"85",-1.53520841072195,-1.68799806448995,-2.57137444127625,-1.56393828071939,-2.11190865550624,-1.55627685071559
"86",-1.07333518337286,0.231226372088698,1.24090181377576,-1.84093938873384,-0.0884273963041997,-2.7747054991632
"87",-0.383927440956588,-0.177540071989078,-1.50073907335477,-0.92059503264302,-1.62454441536907,-2.58541833214094
"88",1.80126149935169,2.0052097676332,3.15192666537098,1.60929777887339,2.23556838617989,0.0580467795888295
"89",0.0384054541421937,-1.50457787947991,-2.79832854469169,0.939036203818037,-1.60699171093322,0.973864271571334
"90",-0.912291862054577,-0.171524558557279,1.60620382816794,-0.893089134983481,0.911146682933321,-0.30877057204068
"91",1.74262098451433,2.10207082240934,0.297037539163179,1.28647505348704,0.5050819530744,1.10121271026263
"92",-0.79224633008074,-2.36606803663971,-1.0595801153276,0.0790641621764234,-0.397082906243068,0.739791788334001
"93",-0.259447537972405,1.16126037937167,0.694174565822436,-0.655570703012775,0.162726505745155,-0.211695630012375
"94",0.24651058686004,-0.256285341434074,-0.378246522380152,0.116786817873837,-0.0405571086093473,-0.0102305601335876
"95",-1.0102460160681,-0.956056521409075,-0.669824145925963,-0.88699072263808,-0.900442980038202,-0.893129058718232
"96",0.28415279790347,1.06525486342844,0.886994529236836,-0.22097021013058,0.529951426749322,-0.756847645361519
"97",0.47003704495717,-0.14783622612809,-0.328258031355983,0.612113443908905,-0.229214171090548,0.158004856691993
"98",0.632963824509722,0.565870824086616,0.928396052730107,0.867982346988307,1.01969893188648,0.962785261003503
"99",0.550920135956082,0.0780955765598576,-0.284636311501014,0.867402048210943,0.107481953735809,1.44507320481305
"100",-0.550076201830746,-0.754400030897499,-0.293903521479834,-0.274616133852705,0.0294985711803993,0.592427789035122
"101",-1.32058358326652,-0.778360707268543,-1.05607041393467,-1.59562168418189,-1.26494398237915,-1.24016501076082
"102",0.84985036643916,1.63520579505339,1.80031373898036,0.189558574805902,1.24703270386114,-0.554540431650587
"103",1.02349796853377,-0.049060038924675,-0.596784396548558,1.44842315175335,-0.109578232052067,1.11569889276299
"104",0.347182049347044,0.0646626782492519,0.884288006240746,0.858931033613927,1.12827514127935,1.52835036927172
"105",0.919353951854508,0.782867997925769,0.123494746237837,1.09294497652803,0.515124470239462,2.00995519809106
"106",-1.08600978044877,-1.75324996496801,-1.19715505206282,-0.626332804521514,-0.563582036752996,0.579640314333124
"107",-0.319429888737845,0.882998027880788,0.758009658118694,-0.862434778962229,0.158719404431731,-0.514650590362355
"108",-0.743647336149141,-1.08931738346818,-1.42585602845597,-0.903362280518063,-1.12941237953046,-1.21215263473548
"109",0.361910492978149,1.12966338555698,1.64518091858852,-0.00991317509642192,0.795965849496325,-0.737204755937708
"110",-0.800155812205375,-1.47356065287731,-2.28081863893504,-0.619200565716301,-1.71659299477255,-1.06152341927893
"111",1.03552577211243,2.0123528422127,3.08826254715397,0.635447866009742,2.02808318024199,-0.0014661855576138
"112",1.44703160543297,0.130197452692896,-1.3324046870056,1.96479449148919,-0.191349145503152,1.96391478015462
"113",-0.314179969439815,-0.813388177416155,0.884984248865221,0.409335833276671,0.960074682356323,1.58768470136944
"114",-0.673873714835903,-0.172925635295881,-1.4703595388146,-0.830963699555811,-1.07670560684469,0.121647121265855
"115",1.17742027019863,1.46604520229734,2.50074385513178,0.840483412780682,2.07647676166583,0.913471685540195
"116",0.672390141482717,-0.413858540725546,-1.57827932813588,1.26110027658203,-0.596576251123849,1.80918328790615
"117",-0.125975299386714,-0.120763071468756,1.29447609593558,0.210219771354645,1.29888363294994,1.29572974409833
"118",-0.314368935816747,-0.216194810266356,-1.47939742215877,-0.377356585510104,-1.06197977637604,0.400081260948897
"119",-1.04520439430675,-0.84279630842855,0.28625328563614,-1.20238886221513,0.0527197183760248,-0.962340105645788
"120",-0.81987584764688,-0.0849163751405792,-1.07750380471941,-1.34247804480026,-1.47287962898531,-1.91988210818773
"121",1.51056451015674,1.79898545202109,2.4803179344042,1.1006265863333,1.98406022987795,-0.0513026785793402
"122",-0.0956703009750851,-1.44833238003265,-2.32795644193887,0.659611954103283,-1.57461614732965,0.628830346955679
"123",-0.22115996194803,0.531707318360821,1.87400083579695,-0.268995112435573,1.44166102017763,0.108303095737835
"124",-1.5913934459844,-1.79089911658041,-3.27799419820166,-1.70197342695842,-2.96866144043549,-1.63699156951572
"125",-1.44993011569368,-0.0770625236081579,1.50026466268781,-2.24562683868588,0.305664928543544,-3.22782178039532
"126",1.62453068467927,2.09804098119145,0.274292488260234,0.899565626832424,-0.24836565814509,-1.03712744140477
"127",-0.0835814242624104,-1.61996112026191,-0.330444663696621,0.728683918077222,0.174327230307243,0.106407453234363
"128",1.09975395689478,1.93480894430446,1.39715415422174,1.05796324476357,0.898436392915551,1.12180771670419
"129",-0.216266659288389,-1.51359731850905,-1.47370539808795,0.333610319159,-0.381201238978709,1.00669494918151
"130",0.694472073738387,1.51615073077943,2.02080693201754,0.586338744094192,1.34789428118133,1.1903557136031
"131",0.516869138733219,-0.449547848778011,-1.30185710008257,0.864105175602413,-0.116219889008405,1.57831860376427
"132",1.01112428090273,1.08083746367177,2.18279567097705,1.26955885026934,1.85472681631405,2.21655001252791
"133",0.624249230457132,-0.219506785649574,-1.34026687342221,1.1298113709085,-0.0019007478421259,2.45974137842524
"134",-1.53004360169289,-1.60756497800524,-0.323803415612903,-1.21791898646433,-0.416637287551823,0.25792584059082
"135",0.145680235255889,1.40847580476638,0.437103309307502,-0.619341565590557,0.269530972816161,-0.464586061236065
"136",-0.00220659667666807,-0.750148569636624,-0.39559957505342,0.0706335209512765,-0.33304826105261,-0.208118115790362
"137",1.15608143172044,1.53181769554175,1.51212104926852,1.15497813338211,1.41771449372592,1.03010726390789
"138",0.381228480537951,-0.731504796749057,-0.979680463803715,0.959269196398171,-0.24391482421139,1.5773335547429
"139",1.60367681892674,1.85506067313988,2.48538923635008,1.79429105919571,2.52747996242571,2.74069119204146
"140",1.69780479752316,0.289171415275196,-0.539045515191916,2.49964320698653,0.793211914268611,4.1440579222114
"141",-1.03728610417818,-1.69121325107272,-0.552145140505452,-0.188383705416597,0.241238298996665,2.29805104791024
"142",-1.17815129111807,-0.0213588343282585,-0.681220664663165,-1.69679434320716,-0.774595632255904,-0.317963714461014
"143",0.390329061187661,0.754453865687212,1.00342765938451,-0.198746584371374,0.767450730262431,-0.389524813047983
"144",-1.25741907409671,-1.75174472529662,-2.16050396754277,-1.06225454350288,-1.95241167252899,-1.29596943133167
"145",0.176772291122452,1.42987037599978,2.12122586191095,-0.451937245925905,1.22296623103861,-1.22951890472491
"146",0.000327721131384204,-0.767639154205239,-1.90877555458847,0.0887138666926102,-1.53800915169759,-0.648997476142335
"147",0.173066213142512,0.556787473905716,1.89096421227213,0.173230073708204,1.36824869727495,-0.216168411977197
"148",-0.712180454980547,-1.04249405587616,-2.41404824602547,-0.625647348409291,-2.04546055518159,-0.755348395595609
"149",-2.68294374392373,-1.94804257949149,-0.510300322500809,-3.039033971414,-1.24835635900428,-3.49224300877137
"150",-1.86976593320399,-0.0908615202811277,-1.41049564295326,-3.21123780516585,-2.72253535861166,-5.30658361042868
"151",-1.22006452884544,-0.613703988743674,0.0493815498125003,-2.15494749544743,-1.15231773666451,-5.33889766170464
"152",1.43194944511284,2.1048207981383,1.38750605028159,0.821917180690118,0.144123550945193,-2.38142141633266
"153",-1.95498583298511,-3.43698106558811,-3.20374127823854,-1.23901111042869,-2.68961354026737,-2.66786396022829
"154",-0.576470945732889,1.7285153369567,2.3068962046818,-1.55396386222544,0.316887246914439,-3.15468223836242
"155",-1.31981112746334,-2.01112751222182,-3.39601771167695,-1.60804660032978,-3.02864542569809,-3.50085594334723
"156",1.4330753652779,2.83458245962782,4.48949130578716,0.773169801546236,2.531801341136,-1.3273437644621
"157",-0.0642106505537178,-1.911424489951,-4.10475282576216,0.652327032085234,-2.64093830831337,-0.144079226592028
"158",0.995053747232716,1.97002918737433,4.68933129041866,0.962948421955857,3.30641604440832,0.87650088600064
"159",-0.143817104977948,-1.42734782283493,-4.36421526635475,0.35370976863841,-2.72030490328847,0.879610300238794
"160",1.95073375995403,2.70755280286488,5.87852749967331,1.87882520746506,4.75067485758557,2.40659138760834
"161",0.0523579620269785,-1.88663856739167,-5.238316787679,1.027724842004,-3.00502743722177,2.471679674569
"162",-0.0967611835048349,0.830850711582908,4.61772392540626,-0.0705822024913457,3.65515196221304,1.41242560225005
"163",0.775589946891582,0.389192946151578,-3.38036158597405,0.727209355139164,-2.12397210410539,1.5746647164892
"164",0.292338913899671,-0.134934543243593,3.33466434127632,0.680133887345461,3.12262172245911,1.62493271723898
"165",0.00334352231256935,-0.0168908802355353,-2.99785438483612,0.149512979262405,-2.2078262568884,1.12447260960579
"166",-0.563403456411208,-0.555961072987211,2.1346654899413,-0.561731695254923,1.97251745413078,0.112951870508552
"167",0.0170476068353677,0.464049180252335,-1.9041513341118,-0.264654121370236,-1.89940338353691,-0.196882999065105
"168",-1.42996377225534,-1.66710264443211,0.283772428445285,-1.42143996883765,0.323367715284204,-1.53956976827672
"169",-0.167534162835148,1.09500629105751,-0.422929348435905,-0.882516048962816,-1.40418650754255,-1.80625790992885
"170",0.752902397798394,0.255659501120184,1.13353881139071,0.66913531638082,1.36817897923168,-0.414619429576487
"171",-0.696398344720012,-1.05009881461962,-1.71658327497165,-0.319947145820815,-1.94936394301505,-0.568718803566707
"172",0.370638038756999,1.10460694948281,1.91556298623148,0.0224388663969927,1.77635460920052,-0.318792415743032
"173",2.01883140097931,1.3553365146108,0.294824713370972,2.20415042035781,0.316306652410122,2.01287497091199
"174",0.347039368247447,-0.936278309351746,0.0816971262135722,1.3564550687371,1.31796013804472,2.56418005128429
"175",-0.519369267173516,-0.155341922971877,-0.592896680765731,-0.345849583049792,-0.72497331714086,1.19265844772078
"176",0.758104106503072,0.991585848141065,1.29171111919223,0.498419472916314,1.76637218447216,1.21401454154878
"177",0.166937157845067,-0.556286998176387,-0.995602849427939,0.545989211096603,-0.797958487781099,1.27439793602587
"178",-1.19314584421998,-0.965083492485307,-0.297103279734835,-1.10967726529745,0.106065012797648,-0.345038503681922
"179",1.20940823624732,2.04989373575596,1.47680118800867,0.612835314137326,0.698813639739363,0.405812211928173
"180",-0.448217740547799,-1.83598707929998,-1.7773388097556,0.15648637757586,-0.594222824791018,0.399973704732763
"181",-0.652984658371565,0.399474203442762,0.946620270408474,-0.877093528645464,-0.0554296270906421,-0.637109305805807
"182",-0.356228302041158,-0.36007000625107,-1.20818654540878,-0.682720631226941,-0.696133108788576,-1.06498621471042
"183",-0.409346812395148,-0.122443318657266,0.678021078472758,-0.587460963415727,-0.233764656012961,-1.22645269224198
"184",-0.0499110507440589,0.134114652303119,-0.660130021369541,-0.254584456941633,-0.397461519213317,-0.990456072286822
"185",0.202468085612285,0.150384074683943,0.796585104844872,0.177512560240255,0.181447747768503,-0.416761083131838
"186",0.440329561053529,0.304397098027872,-0.276597033306856,0.541563603859671,0.147418325194988,0.291506953980568
"187",1.1156722668482,0.831374849518205,1.36460959682437,1.33583704737496,1.18031541795081,1.5107412197633
"188",1.83474776248663,1.08435865767307,0.606599125344699,2.39258389591073,1.56910413221838,3.29902862776871
"189",0.75354142505347,-0.339062232529054,0.207602212243241,1.67091530629679,0.990999436158438,3.65033248295802
"190",-0.15914826628604,-0.215679577537554,-0.345990257304957,0.217622446240695,0.485014382197458,2.4078219360155
"191",-1.6143981493712,-1.45881388071662,-1.30300691779674,-1.69397228251422,-1.16530280233538,-0.249279120904922
"192",0.81115912088817,2.02488550605784,1.98386534690524,0.00396004620256829,1.45175859090726,-0.145607426340385
"193",-1.54680707285312,-2.80259756214849,-3.33228588506783,-1.14122751240903,-2.68151633152652,-1.22859196821326
"194",-0.232999432735258,1.63234147019492,2.76605786382579,-1.00640296916182,1.44251062126705,-1.74355815008977
"195",-0.834662084788087,-1.58093299006497,-3.3241141622313,-0.951161801155716,-2.87632507008412,-1.99729669120958
"196",0.0268810239986672,1.06774614446758,3.01858377000684,-0.390450018395376,1.75528491778414,-1.58882803312112
"197",-0.783525211192253,-1.32546259062564,-3.50025060419841,-0.77008469919292,-3.03590572857796,-1.7233815190656
"198",0.300119148496915,1.19790800716741,3.45034469227548,-0.0916434570992118,2.26406181774079,-1.12567236853857
"199",-0.190410287236032,-0.879400035368813,-3.29572051028397,-0.0403507129875749,-2.69117226970505,-0.715754134110716
"200",-0.118521294748913,0.378301809106304,2.84762716450666,-0.213726438366929,2.04726747680707,-0.643178918833358
"201",-0.0963182794675768,-0.249912795596055,-2.65918272752357,-0.155578926842033,-2.32520188433273,-0.541486278142048
"202",1.36123973062736,1.51509161226566,3.75450418539857,1.31308059089357,3.28716078201142,0.988188824008343
"203",1.59418624267299,0.428268517351948,-1.78486752418573,2.27480610798667,-0.787083122530076,2.86771940239167
"204",1.37301035317239,0.680620221694516,2.97939112493954,2.17010347450888,3.58143175913826,3.89073511594388
"205",-0.256845005242173,-1.00905822204115,-2.93829701768776,0.42966017134402,-1.8035244065017,2.76410124091035
"206",1.2881824079645,1.86976502055773,3.93264972388348,1.15975990534341,3.97809878539797,2.81822064988962
"207",-0.645695059292029,-1.96703229196024,-4.18507981078716,-0.00160385530977825,-2.92123933881244,1.689328534624
"208",-0.182317506071738,0.994907157695992,3.58425432363671,-0.505165035717752,3.08091356681077,0.508432085056645
"209",0.471143078447176,0.0283847514207019,-2.75468581282586,0.379984325411307,-2.20587459488352,0.685043576445295
"210",-0.300126133905044,-0.455661433149548,2.17909109763823,-0.0645545946814557,2.21018438464647,0.346471551185721
"211",-0.0456051390462688,0.272263417700018,-2.00678712692068,-0.195668205998791,-2.03218521137032,0.012214724712642
"212",-1.26769805169899,-1.39014821883512,0.538410362529617,-1.29050062122213,0.668068142499988,-1.28317178639454
"213",0.190486559976793,1.26587008490405,-0.294082766299862,-0.443362465872704,-1.2292450095954,-1.21326553770943
"214",0.139217706249472,-0.550863304195592,0.403892195919348,0.234460986237869,0.908832094628083,-0.493498336387789
"215",0.0550046396958113,0.288670979918765,-0.308498336631602,0.124613492820547,-0.955191994449851,-0.171485509012126
"216",0.280189066097802,0.119352184229675,0.557837569066244,0.307691385945707,1.11204592120961,0.204800080538432
"217",0.719894528051014,0.576161716106836,0.217840715891395,0.859989061099915,-0.186834444981778,0.982869109422974
"218",0.233118055302648,-0.270931161166074,0.0370614110003925,0.593065319328155,0.956395941522946,1.18278678498194
"219",0.729388578640037,0.79491874263228,0.696033308739684,0.845947606291361,0.330369129194086,1.55561967728052
"220",1.07826889787799,0.461992952969834,0.45183892001227,1.442963187198,1.55299572403353,2.37633499356632
"221",0.405528142305442,-0.148949003542871,-0.00112688570560077,0.944662591244435,0.137850902611836,2.37046358738423
"222",0.553106133049561,0.505922192129364,0.554120330184602,0.755870204202282,1.44354829668613,2.17814835663282
"223",0.810719851183887,0.391826915204337,0.312011554017745,1.08727291770867,0.46036590374515,2.39416193168836
"224",-1.57530001726117,-2.0144294302185,-1.85611041587714,-1.16994009166922,-0.847280810373036,0.266557067343791
"225",-0.387036908197407,1.09276781209019,1.28346246609202,-1.17468691682799,0.143366877161594,-1.01475267642172
"226",-0.980622198888307,-1.41089503247418,-2.13573841837112,-1.17414065298701,-1.53200074826061,-1.78299225884004
"227",-0.468995547100855,0.530638628802728,1.45316902943316,-0.959306646545009,0.0766248036742835,-2.02910200184903
"228",-1.48168936613036,-1.60631001640147,-2.7895414926202,-1.71618713968079,-2.42387725618901,-2.93364834079021
"229",0.555549522121551,1.80321134016139,3.06613686547973,-0.185295160943631,1.32868758118282,-1.94548416541776
"230",-0.179903476172771,-1.24817400288993,-2.93942665510453,0.0978712848880042,-2.03283610424103,-1.06941921436265
"231",0.00845722754360023,0.686515271840399,2.65394121713768,-0.0814945105427854,1.4155206075256,-0.723146039160375
"232",0.938589228267247,0.592794424083967,-1.44995786715666,0.942817842039047,-0.705768616535049,0.508930218542822
"233",0.272141934704781,-0.305832045817377,1.57710401514578,0.741436548838404,1.33318488418066,1.0467946799641
"234",-0.0287653793193951,0.0425080631778593,-1.4481589929506,0.107305588032995,-0.852182014494622,0.735382396011453
"235",-1.58744436914323,-1.60006878693634,-0.284101275487697,-1.60182705880293,-0.531878834286453,-1.16059762119606
"236",-0.403807687934583,0.87246001627656,-0.148116539995655,-1.1975298725062,-0.75555324634542,-1.89388844522383
"237",-0.547532162019187,-0.862619863777092,-0.414227276023098,-0.749436005986479,-0.639993488687433,-1.88576907312078
"238",-0.31185172161866,0.283717858875642,0.0609528268021279,-0.585617802628254,-0.573185622819682,-1.71707924650072
"239",0.347700863369886,0.299397450417663,0.292843319247971,0.191775002560556,0.135660457003331,-0.838472545339877
"240",-0.0294116270305742,-0.283420611250371,-0.292970614353748,0.144438804654369,-0.414021137823383,-0.358644722549557
"241",1.57351980036745,1.72405359410181,1.83719335328583,1.55881398685217,1.77912241591647,1.34362715332243
"242",0.697372404705869,-0.636710332455274,-0.956101613251376,1.4841323048896,-0.0847770027631012,2.29030859688306
"243",-0.0927754980432096,0.0163679467726667,0.767715953883029,0.255910704309725,1.0001310523356,1.63009586243956
"244",0.959237231312345,0.978885907338974,0.268292872817618,0.91284948229074,0.608331713953803,1.89090699975447
"245",0.843312952769086,0.0660988297058955,0.601849367233229,1.32293156842526,1.26089206998431,2.45747576827794
"246",0.580428534616712,0.294385233933039,0.0387641041068059,1.00208501100126,0.567159941993703,2.47657047196802
"247",0.989925863594682,0.668604686243149,0.955038169898557,1.28014013090304,1.57631312298715,2.76608241408385
"248",1.37693585769003,0.745655755490047,0.517401504781325,1.87189878948737,1.2443378859901,3.53154823793768
"249",0.83340508526198,0.0474964502099491,0.367743730958788,1.52187301410699,1.40589159325724,3.6408019568696
"250",-0.164302359575115,-0.438072110258684,-0.495271717438024,0.252400183055875,0.160532894041773,2.43688135717763
"251",-0.404616856528186,-0.13629009352631,0.0411276891660356,-0.486768036315744,0.390758231213627,0.975360777990837
"252",-1.53318755251039,-1.34365744878878,-1.57020247275982,-1.73549598077448,-1.55409528544941,-1.15027951397998
"253",0.344595010345945,1.47638000049345,1.75777723582978,-0.421998765909249,1.04527853470895,-1.11216647429724
"254",0.32545215875192,-0.516116344598589,-1.25654735349489,0.497749663924893,-0.920588572930411,-0.169550220653449
"255",1.3502287895485,1.51065131422221,2.48112140769389,1.51295486892446,2.25357248225299,1.41122473653239
"256",-0.732421822053903,-1.89281611602956,-2.96543108897841,-0.057307427279655,-1.96084671048805,0.789427414639777
"257",0.91696885069756,2.08310345532851,3.58585683077813,0.550757939670608,2.85736635319577,1.02441438845447
"258",-0.177829907261706,-1.49447229013523,-3.40510105496202,0.280654518087074,-2.21154783951326,0.895303151159758
"259",0.695796394421054,1.49638151166718,3.76038734388687,0.606881440790201,3.07368055819249,1.14406333148606
"260",1.79149560520689,0.83456593104698,-1.5928530042913,2.13939380241741,-0.457537265958819,2.82583180130905
"261",-0.975996079497191,-1.93072772658275,0.457571624364977,-0.0802482768937474,1.00547343520595,1.61525080389168
"262",0.618641582475653,1.87680426961618,0.206827120547173,0.130643542727058,0.0424771923385767,1.09979402506207
"263",1.67420896327677,0.550214353725981,1.48806455478431,1.98352975451459,2.26474986669877,2.64340616955183
"264",-0.701072975974499,-1.47844284182052,-2.04033107528038,0.136031505663885,-1.35501162058098,1.72207520739499
"265",1.27490150714367,2.22444482084628,3.11119947489601,0.924365019156423,3.04025491333723,1.95761014359341
"266",-1.79889688930939,-3.29358975187563,-4.5989764167158,-1.16144613573756,-3.52398033565915,0.0131199504184936
"267",1.38399446419411,3.57045840692474,5.52307323923833,0.484546019539414,4.26534151289419,0.49241798979051
"268",1.35289221766704,-0.847535325053568,-3.61787369764746,2.04488944976409,-2.04109843759671,2.3403402436384
"269",-0.793542825389274,-0.775642828162601,2.46254350249344,-0.117096716555755,2.37799161362625,1.28710742962728
"270",0.237037475568101,0.862921737266183,-1.979251676676,-0.159733937126536,-1.7010190710778,0.612530520649834
"271",-0.528492944286726,-1.03106505559025,1.25283356472167,-0.409974206502675,1.40860774521237,-0.0424558941127747
"272",0.831707283367549,1.50578769444869,-0.295842924881957,0.567460811224186,-0.611486482842841,0.541987274756521
"273",-1.26786493638861,-2.27027096862322,-1.00160630399485,-0.852011294704833,-0.239254344408335,-0.52681892985092
"274",-1.06903945260119,0.446455512627001,-0.167593779005829,-1.70297192079549,-1.36415503898439,-2.01906327870604
"275",-1.6990204472635,-1.60153636779664,-1.54818604615825,-2.23354017356409,-1.43332654221318,-3.44497814078772
"276",1.2173916374752,2.52786595555257,2.61075907901763,0.367881413843457,0.828896576748522,-1.69910547062917
"277",0.237695718246025,-1.39145475077282,-2.11198745286984,0.846391536983627,-0.870969180106439,-0.173071745393877
"278",-0.857397683402116,-0.232979023489512,1.04339102418074,-0.738549824279104,-0.0987689833210713,-0.84239287151543
"279",-0.0837823182111632,0.289926498554228,-1.02283423997383,-0.512481159912221,-0.576733131278705,-1.01791688282148
"280",0.443204616227875,0.32337606241411,1.36375543220432,0.401313457122293,0.556963165618844,-0.209436672570594
"281",0.158535913972665,-0.136113502102753,-1.06884397501123,0.380138222086602,-0.354592914480211,0.254476218544246
"282",0.712398884840073,0.73289486169965,1.67435846235018,0.791666841826405,1.15295465855544,0.944352572952953
"283",-1.20752343221171,-1.78769052851356,-2.71444604832687,-0.851323989791676,-1.76616557846647,-0.284712446019904
"284",-2.55735464917945,-1.30125235525916,-0.11435320568527,-3.16111636528531,-1.33573218050625,-3.33194383289725
"285",-1.76157391320201,-0.343741340818597,-1.65865602808527,-3.04025123779174,-2.42055360613002,-5.03941753753009
"286",-1.54649673721926,-0.846153892849354,-0.053706311942513,-2.42728369382026,-1.621769963684,-5.45093421633832
"287",0.222164766253176,1.10919073384363,0.270500447001437,-0.551083602356453,-0.743636408319639,-3.82164413215944
"288",1.23921003792268,0.617965241124912,0.995759635621386,1.35029242104927,0.489238982208172,-0.942694058246399
"289",-1.02058043421028,-1.70132606614954,-1.91676410626953,-0.400975415248938,-1.61353397386451,-0.966591850196777
"290",1.03201447899901,2.18885164233687,2.75710217464159,0.521724261893876,1.80961806048327,-0.0582308482241907
"291",-2.57253904935122,-3.97656921421936,-5.05393100652865,-2.05653180985171,-4.08354485181491,-2.09147031878623
"292",0.521149153187271,3.28119547510232,5.06968705906306,-0.765120371488339,2.83198344502171,-2.02000256276008
"293",-0.511406482663729,-2.30834896617107,-5.07412483582048,-0.250831906070093,-3.81112842725919,-1.46283344372614
"294",0.438963811102581,1.74656023898723,5.00567616334101,0.183260569770717,3.28149240629336,-0.694439496464966
"295",-0.99426269771236,-1.99923196053675,-5.49937124471927,-0.77478079216107,-4.26538747595588,-1.19144449004005
"296",1.62715165087179,2.92504644045387,6.57658577111913,1.13002030201561,4.87566333743457,0.415153607991578
"297",0.219509838384817,-1.73115887710366,-5.6994173556224,1.03308566382071,-3.80242164841908,1.28217782861566
"298",-1.75103361924223,-0.951307132205847,3.37844200081793,-1.64127870004982,2.31509087774424,-0.871972002880427
"299",-0.501684051160028,0.499279600715564,-3.54228185189617,-1.37720086078114,-3.47766430353475,-1.9003840625094
"300",-0.610025328160391,-0.709159913170165,2.57802833854616,-0.860867353740405,1.82232848954658,-2.00109779124604
"301",1.6962364242472,2.2338239792804,-0.623989080444345,1.391223760167,-0.937060704737622,0.190565085419377
"302",0.535939399050769,-1.08984351786359,1.09752957145068,1.38405761117437,1.9104547042,1.49839666242599
"303",1.03507573933146,1.41921567854802,0.0472991250258465,1.30304543885684,-0.100297094771115,2.20208343631244
"304",-0.257203190804917,-1.27733375187837,-0.299772403328179,0.260334678860812,0.919158760146418,1.58158474064828
"305",1.70139591500416,2.41722374818482,1.97119107799952,1.5727943196017,1.36547003009756,2.52174516399067
"306",0.419186688149473,-1.29984396044418,-1.3548852820501,1.26988464565155,0.561040935208054,2.78293174404595
"307",-0.849119450556712,-0.324953476779462,0.370277303288374,-0.639526106481975,-0.198149713060589,1.0302329399456
"308",0.405098240840789,0.822310814397533,0.0718486678812517,-0.019461484437567,0.801167715883798,0.598678279529791
"309",0.0396499310514572,-0.493034948399546,-0.0250138700416693,0.242199051471852,-0.319590211550036,0.601406019189726
"310",0.89678868656894,1.13141118145328,0.919301169606442,0.916613652094668,1.47336637956423,1.2774572636085
"311",-0.347728957482897,-1.18247115418022,-1.1751000101287,0.100665385801573,-0.981492998282187,0.867139743966675
"312",-1.14489780197502,-0.449343537640042,-0.0873077928591937,-1.31876228071647,0.0335699252481745,-0.798478434336463
"313",1.68237532409907,2.2505164335116,1.76095233767234,1.10992642311156,1.08340854755531,0.630839362509683
"314",2.92594164358292,1.2959708295974,1.3410845396778,3.76712930563245,2.62106103446523,4.14563292313826
"315",-0.568386804144214,-2.09415471201779,-1.77536288985424,0.894584017647244,-0.704659985950599,3.3819637715302
"316",0.46514809735722,1.68274149460938,2.06297469822603,0.180954695285113,2.24918271382154,2.21013295820323
"317",1.07318118860155,0.0922660120896908,-0.783496039801886,1.30575523728016,-0.0243696171152745,2.6318350122021
"318",-1.67602339842334,-2.04411076104864,-0.970876962601638,-1.13943280412256,-0.319202884995831,0.439668203198695
"319",0.438893767997807,1.96375616804913,1.31268303433928,-0.399117931213861,0.520032863227391,-0.135317009294644
"320",1.62524815124558,0.511701936821672,0.443833420340225,1.84469503524448,1.27771656127986,1.7635048296677
"321",-0.253835524354105,-0.997260938138614,-0.653285602660308,0.558788551268684,-0.325130774801629,1.6168914490693
"322",0.438416222608814,1.01319734898435,1.02637326500309,0.311498460431762,1.30258539181722,1.28163332987334
"323",0.110873926171348,-0.527249615103473,-0.812862012331435,0.330082037475755,-0.474980156254796,1.09906203539976
"324",0.814529667490166,1.0448922971905,1.54610547858846,0.869966630575839,1.73857494945694,1.5294038518157
"325",-0.949953374791451,-1.71675842363375,-2.34144830552106,-0.542688541046368,-1.75651395338141,0.374953770043049
"326",-0.661959989944768,0.481405234309542,1.44534348502419,-1.13693667734049,0.908139165743816,-0.911964415314664
"327",1.00708297473418,0.964968354562842,-0.293726161787587,0.676102979761798,-0.319267147017809,0.128924330572999
"328",-1.64146682691763,-2.4260758966193,-1.3771132813088,-1.13792533955054,-1.00080318336599,-1.06057074120674
"329",-1.36291042257881,0.342567573806132,-0.123508469400888,-2.18364383603762,-1.25422975577969,-2.81998628076166
"330",0.559577111294013,0.797166451164588,0.670734733754812,-0.12187809999539,0.335364128008324,-1.81386986845239
"331",-0.96337834507177,-1.52983470404227,-1.5670396054511,-0.683589789424763,-1.81652543694208,-1.7719117104962
"332",0.648166215975329,1.70209707151799,2.05850186088132,0.166477043439444,1.39434232386295,-0.896669982858273
"333",0.0498894264722532,-0.995608974079342,-1.80276224832093,0.373972534459918,-1.45832853285188,-0.164029455255047
"334",-0.929436505305351,-0.446598846207356,0.693049518183489,-0.904491792069225,0.344667448867982,-1.00290946522225
"335",-0.886069319363866,-0.383938944668583,-1.50981388572901,-1.35078757201654,-1.86446667373539,-1.95253325114989
"336",1.24518739286419,1.70297766100764,2.6040198900203,0.802152733182257,2.0113278643056,-0.369367217507679
"337",-1.03759892206828,-2.26264397043136,-3.38121682308655,-0.415005225636187,-2.75967728560119,-0.636625556140794
"338",-0.261691073098923,1.18091058873724,2.78140406767897,-0.780490534133063,1.77300883116479,-1.16246586781754
"339",0.458121178553897,-0.0538267938850474,-2.04514248235718,0.327275642004435,-1.72958784215626,-0.370203878686089
"340",0.826502911830321,0.715979955206676,2.66713114595178,1.05556350110727,2.40918456317607,0.833441173895616
"341",-1.32274391472575,-1.92868476587818,-3.72316194608235,-0.909492458810585,-3.08325198897232,-0.409427754473216
"342",0.343255204565903,1.70442076192272,3.69410095604002,-0.31811675279697,2.71374153916324,-0.563773405480899
"343",0.765471571054688,-0.189715371276441,-2.55921928938133,0.937099173337639,-1.89860208407768,0.5988351300491
"344",-2.25236851085176,-2.38715229652995,0.0509288495914313,-1.86963272532442,-0.0545429621305136,-1.51033164729496
"345",0.549082097440993,2.4183687989615,0.503246132808705,-0.577102157984889,-0.57371626436646,-1.48330114636186
"346",0.149667337077938,-1.22424169163511,-0.303254182449897,0.424208385798435,0.289056439109568,-0.465772302018684
"347",-0.102267728502804,0.464952916191369,0.170661035702103,-0.0274340599638348,-0.53321441885555,-0.306897441175045
"348",0.133463489572254,-0.0683326499725894,-0.0201314425596389,0.0823296253208521,0.46686167869466,-0.101808839384175
"349",1.49424029291412,1.48836757102874,1.5123585912178,1.56097203770025,1.03425313799239,1.49988673406974
"350",0.0700265087223433,-1.12242936466626,-1.29109622337367,0.817146655179404,0.0398675745414212,1.71707869562125
"351",-0.131090254742155,0.409116474974274,1.03089634629415,-0.0960770003809829,0.477501355690855,0.934170216991766
"352",1.17246904075126,1.00723787968677,0.244662329086528,1.10692391338019,1.05313917876886,1.66742604357525
"353",0.418184088977333,-0.437175563091433,0.197987992799458,1.00441860935296,0.388743148761187,2.00487423549811
"354",0.690478189999533,0.78361074485205,0.512288996480021,0.8995702344882,1.20573875263249,2.10249477578707
"355",-0.464590394891607,-1.06353922431749,-0.925650491723626,-0.11935129989184,-0.593066131424642,1.1421455655804
"356",0.291783047806362,0.96292977843259,1.12486849035763,0.0594878503605588,1.19314613881325,0.744775189708798
"357",-0.996440850445578,-1.56544065400378,-2.00882249176744,-0.850549326542397,-1.71022437094434,-0.403684212717118
"358",-0.255620489745298,0.826032092390266,1.5523197528454,-0.753840914968087,0.973334504825953,-0.996051442598357
"359",0.836348793726527,0.500018894454983,-0.560738983834332,0.708538548853878,-0.481786180287862,0.110907683294864
"360",-0.481697537289838,-0.982611622635288,0.02296754816106,-0.063523140426575,0.246839019692092,0.0030214695503431
"361",-0.5844361459844,0.051378926520196,-0.605106939329354,-0.825284914629319,-0.947559560064744,-0.823472032899113
"362",1.27606498130537,1.4257063618406,1.82066122670179,0.983846908313173,1.70843626114005,0.489763688573706
"363",-0.953521196087267,-2.04919387139918,-2.59211630011888,-0.315488705434581,-2.03458781046813,-0.0216304922903572
"364",0.545447644433804,1.85610093895957,2.8783523145408,0.0686870463901707,2.18088574425827,0.0557087510159563
"365",-0.197911187782413,-1.28959595059234,-2.78842827086913,0.0748126344344887,-2.07292959734077,0.108237885044063
"366",-0.798362051628955,-0.09419071999806,1.71122339215326,-0.897317645520161,1.13204827412824,-0.832374914493724
"367",0.647179603164592,0.933783578652309,-0.892921449773344,0.247998577350115,-0.936192637478344,-0.25142637134612
"368",-0.598631431786751,-1.25967710206228,0.204997873009258,-0.275041630204455,0.361455323933697,-0.425897453012127
"369",0.694726958661351,1.50415493922852,0.510228872953018,0.395411242767975,0.0245747789942352,0.139872770960699
"370",0.111992548121813,-0.848503009090851,-0.347213437535904,0.459356027452488,0.32149330878376,0.543279690028908
"371",-0.292238033198496,0.0984157069103855,0.020254060583817,-0.23624175913759,-0.373941158437083,0.0897260548797548
"372",-1.16488074568011,-1.12641718917576,-1.18310940020555,-1.31099976227936,-0.859802412878733,-1.25716412935151
"373",-0.34928506311869,0.563387755173223,0.715513397066305,-0.931725435958748,-0.31570903431732,-1.68602391356965
"374",-0.967097106127698,-1.1440054647787,-1.61105916348737,-1.14173963768704,-1.38826584355974,-2.15335398582883
"375",0.293767514802036,1.1558993790297,1.74372076194067,-0.189781038261813,0.520821847279566,-1.48179342975911
"376",1.15231625653321,0.48623631257775,-0.417032429213395,1.29920001393423,0.163110196213494,0.410123956078759
"377",-0.364459507462242,-0.95327254071108,0.0108696788298128,0.211698620804362,-0.100899457958551,0.457772994451618
"378",0.405918864687633,0.991892987281846,0.396136153740801,0.223689110956511,0.534054819803295,0.498352907627482
"379",0.574072571721858,-0.043649581325355,0.217550033355137,0.777032004065674,0.353316451005739,1.07604374864216
"380",0.165031127127962,0.0146341462740822,-0.0307639028916609,0.452067412988891,0.379469083708217,1.09769366217419
"381",0.940242217247107,0.883415805971677,0.967929729849601,1.02275778081109,1.03839136273808,1.6813739781156
"382",0.0975082448587674,-0.626272323301203,-0.773628512005874,0.567629353482321,0.0136722862622723,1.57645374035168
"383",0.185525342911414,0.469409031104385,0.881791003716701,0.234279465340798,0.804458474675583,1.18015170955181
"384",-0.563491639385517,-0.853853757811134,-1.35710354273055,-0.47072896792981,-0.796625810030829,0.237362057801274
"385",-0.533675767401192,0.0622986033200301,0.687717421056301,-0.815421587093951,0.187987060413406,-0.673004352413186
"386",-2.17702901619241,-2.04807558763207,-2.79597469514309,-2.44386689989301,-2.71140062033493,-2.84766951134092
"387",0.630255542189178,2.30740204086294,3.14663276781795,-0.458258965907029,1.5564679645377,-2.16686067271158
"388",0.735015263587285,-0.607762419500938,-2.09695422744887,1.05014303468187,-1.35876549797499,-0.249973368945076
"389",-0.0249523139955703,0.058424316678713,1.86230649070842,0.342555317798072,1.31655811411955,0.192571296431027
"390",-1.16470987623181,-1.1864363403725,-2.84078571786939,-1.1771860332296,-2.37493660925267,-1.06164325537098
"391",0.0647937483214808,1.00742488137727,2.62150089440393,-0.517561189794426,1.56720959956901,-1.15454714301702
"392",0.532355669775648,0.00920510459056675,-1.82699513518789,0.564752543936389,-1.36276917564666,-0.127975741873821
"393",-0.0163627872585192,-0.180672040486497,1.62793283441058,0.249815047629305,1.33279372517688,0.173029602505012
"394",-0.587598984726557,-0.492354128305753,-2.05273853569608,-0.595780378355817,-1.80509860766762,-0.491962616852809
"395",-0.0133281616112266,0.409128597959617,1.83413652051525,-0.307127653974505,1.32787765579519,-0.602305224086191
"396",0.516764418959708,0.316198568463267,-1.13395844950401,0.510100338154095,-0.964658042379418,0.14871720370238
"397",1.39175397392022,1.07862536400067,2.41231657847383,1.65013618340007,2.47787798011116,1.7393665056215
"398",-0.272628057640186,-1.22946693181659,-2.44371297826663,0.423248929319923,-1.59478627710118,1.46686883269282
"399",-0.458028760554985,0.238493122645364,1.74131291988498,-0.594342789375078,1.50713391064206,0.285778510240615
"400",-0.40875941962263,-0.390597352778816,-1.97594104751912,-0.637773799900123,-1.81777135907596,-0.466306693755754
"401",-1.97637791756376,-1.65845141528756,-0.198030974796551,-2.18075762737507,-0.52676616345573,-2.46054164362852
"402",0.567311555812597,1.9894506387255,0.745539433129493,-0.42087740296928,-0.365321410596259,-1.89720238914639
"403",-1.53655661265096,-2.70147539875749,-2.20754210246751,-1.25290083474466,-1.74301988754552,-2.3912222682325
"404",-0.529673207564421,1.28203147560961,1.45711468465633,-1.2979515138899,-0.22596008765852,-2.7326848748294
