statinfo,unit,currency\time	2019Q3 	2019Q2 	2019Q1 	2018Q4 	2018Q3 	2018Q2 	2018Q1 	2017Q4 	2017Q3 	2017Q2 	2017Q1 	2016Q4 	2016Q3 	2016Q2 	2016Q1 	2015Q4 	2015Q3 	2015Q2 	2015Q1 	2014Q4 	2014Q3 	2014Q2 	2014Q1 	2013Q4 	2013Q3 	2013Q2 	2013Q1 	2012Q4 	2012Q3 	2012Q2 	2012Q1 	2011Q4 	2011Q3 	2011Q2 	2011Q1 	2010Q4 	2010Q3 	2010Q2 	2010Q1 	2009Q4 	2009Q3 	2009Q2 	2009Q1 	2008Q4 	2008Q3 	2008Q2 	2008Q1 	2007Q4 	2007Q3 	2007Q2 	2007Q1 	2006Q4 	2006Q3 	2006Q2 	2006Q1 	2005Q4 	2005Q3 	2005Q2 	2005Q1 	2004Q4 	2004Q3 	2004Q2 	2004Q1 	2003Q4 	2003Q3 	2003Q2 	2003Q1 	2002Q4 	2002Q3 	2002Q2 	2002Q1 	2001Q4 	2001Q3 	2001Q2 	2001Q1 	2000Q4 	2000Q3 	2000Q2 	2000Q1 	1999Q4 	1999Q3 	1999Q2 	1999Q1 	1998Q4 	1998Q3 	1998Q2 	1998Q1 	1997Q4 	1997Q3 	1997Q2 	1997Q1 	1996Q4 	1996Q3 	1996Q2 	1996Q1 	1995Q4 	1995Q3 	1995Q2 	1995Q1 	1994Q4 	1994Q3 	1994Q2 	1994Q1 	1993Q4 	1993Q3 	1993Q2 	1993Q1 	1992Q4 	1992Q3 	1992Q2 	1992Q1 	1991Q4 	1991Q3 	1991Q2 	1991Q1 	1990Q4 	1990Q3 	1990Q2 	1990Q1 	1989Q4 	1989Q3 	1989Q2 	1989Q1 	1988Q4 	1988Q3 	1988Q2 	1988Q1 	1987Q4 	1987Q3 	1987Q2 	1987Q1 	1986Q4 	1986Q3 	1986Q2 	1986Q1 	1985Q4 	1985Q3 	1985Q2 	1985Q1 	1984Q4 	1984Q3 	1984Q2 	1984Q1 	1983Q4 	1983Q3 	1983Q2 	1983Q1 	1982Q4 	1982Q3 	1982Q2 	1982Q1 	1981Q4 	1981Q3 	1981Q2 	1981Q1 	1980Q4 	1980Q3 	1980Q2 	1980Q1 	1979Q4 	1979Q3 	1979Q2 	1979Q1 	1978Q4 	1978Q3 	1978Q2 	1978Q1 	1977Q4 	1977Q3 	1977Q2 	1977Q1 	1976Q4 	1976Q3 	1976Q2 	1976Q1 	1975Q4 	1975Q3 	1975Q2 	1975Q1 	1974Q4 	1974Q3 	1974Q2 	1974Q1 	1973Q4 	1973Q3 	1973Q2 	1973Q1 	1972Q4 	1972Q3 	1972Q2 	1972Q1 	1971Q4 	1971Q3 	1971Q2 	1971Q1 
AVG,NAC,ALL	121.61 	123.11 	124.65 	124.43 	126.00 	127.40 	132.52 	133.47 	132.88 	134.41 	135.85 	136.10 	136.81 	138.25 	138.30 	138.45 	139.65 	140.63 	140.23 	139.74 	139.73 	140.04 	140.38 	140.39 	140.28 	140.71 	139.67 	139.72 	137.90 	139.31 	139.23 	140.03 	140.09 	141.75 	139.46 	138.67 	136.47 	137.24 	138.76 	137.26 	131.54 	131.22 	128.21 	123.20 	122.12 	122.26 	123.63 	121.69 	122.72 	124.79 	125.30 	123.64 	122.71 	122.97 	123.01 	122.72 	122.59 	124.78 	126.66 	126.56 	124.76 	126.87 	132.50 	134.90 	135.21 	139.77 	140.13 	137.08 	136.29 	132.33 	123.74 	124.87 	128.63 	128.34 	132.04 	128.70 	130.46 	134.04 	137.11 	139.28 	141.10 	149.29 	158.16 	: 	: 	: 	: 	: 	: 	: 	: 	: 	: 	: 	: 	: 	: 	: 	: 	: 	: 	: 	: 	: 	: 	: 	: 	: 	: 	: 	: 	: 	: 	: 	: 	: 	: 	: 	: 	: 	: 	: 	: 	: 	: 	: 	: 	: 	: 	: 	: 	: 	: 	: 	: 	: 	: 	: 	: 	: 	: 	: 	: 	: 	: 	: 	: 	: 	: 	: 	: 	: 	: 	: 	: 	: 	: 	: 	: 	: 	: 	: 	: 	: 	: 	: 	: 	: 	: 	: 	: 	: 	: 	: 	: 	: 	: 	: 	: 	: 	: 	: 	: 	: 	: 	: 	: 	: 	: 	: 	: 	: 	: 	: 	: 
AVG,NAC,ARS	55.6708 	49.4187 	44.2343 	42.3944 	36.8967 	27.8824 	24.1954 	20.6165 	20.2903 	17.3559 	16.6978 	16.6819 	16.6780 	16.0536 	15.9282 	11.0176 	10.2823 	9.9031 	9.7771 	10.6336 	10.9828 	11.0422 	10.4057 	8.2261 	7.3842 	6.8398 	6.6165 	6.2169 	5.7569 	5.6878 	5.6900 	5.7345 	5.8792 	5.8711 	5.4892 	5.3875 	5.0871 	4.9544 	5.3087 	5.6392 	5.4756 	5.0842 	4.6176 	4.3814 	4.5803 	4.8798 	4.7219 	4.5573 	4.3097 	4.1544 	4.0583 	3.9660 	3.9337 	3.8615 	3.6949 	3.5466 	3.5196 	3.6514 	3.8498 	3.8491 	3.6598 	3.5047 	3.6465 	3.4440 	3.2386 	3.2443 	3.4179 	3.5894 	3.5828 	3.0704 	1.8586 	0.8952 	0.8899 	0.8723 	0.9230 	0.8679 	0.9050 	0.9329 	: 	: 	: 	: 	: 	: 	: 	: 	: 	: 	: 	: 	: 	: 	: 	: 	: 	: 	: 	: 	: 	: 	: 	: 	: 	: 	: 	: 	: 	: 	: 	: 	: 	: 	: 	: 	: 	: 	: 	: 	: 	: 	: 	: 	: 	: 	: 	: 	: 	: 	: 	: 	: 	: 	: 	: 	: 	: 	: 	: 	: 	: 	: 	: 	: 	: 	: 	: 	: 	: 	: 	: 	: 	: 	: 	: 	: 	: 	: 	: 	: 	: 	: 	: 	: 	: 	: 	: 	: 	: 	: 	: 	: 	: 	: 	: 	: 	: 	: 	: 	: 	: 	: 	: 	: 	: 	: 	: 	: 	: 	: 	: 	: 	: 	: 	: 	: 
AVG,NAC,AUD	1.6216 	1.6063 	1.5944 	1.5902 	1.5904 	1.5744 	1.5632 	1.5319 	1.4880 	1.4687 	1.4056 	1.4385 	1.4717 	1.5150 	1.5293 	1.5205 	1.5331 	1.4208 	1.4313 	1.4596 	1.4326 	1.4699 	1.5275 	1.4662 	1.4465 	1.3203 	1.2714 	1.2484 	1.2035 	1.2699 	1.2425 	1.3316 	1.3459 	1.3550 	1.3614 	1.3747 	1.4289 	1.4403 	1.5293 	1.6250 	1.7169 	1.7917 	1.9648 	1.9606 	1.6955 	1.6559 	1.6533 	1.6279 	1.6229 	1.6214 	1.6670 	1.6740 	1.6831 	1.6838 	1.6274 	1.5983 	1.6054 	1.6389 	1.6878 	1.7132 	1.7226 	1.6907 	1.6337 	1.6622 	1.7089 	1.7742 	1.8095 	1.7913 	1.7965 	1.6662 	1.6923 	1.7508 	1.7341 	1.7013 	1.7405 	1.6324 	1.5761 	1.5848 	1.5636 	1.6126 	1.6131 	1.6180 	1.7699 	1.8871 	1.8673 	1.7540 	1.6298 	1.6213 	1.4864 	1.4874 	1.5162 	1.5872 	1.6160 	1.5844 	1.7037 	1.7605 	1.7724 	1.8293 	1.7035 	1.6423 	1.6604 	1.6042 	1.5900 	1.7099 	1.7201 	1.7378 	1.7296 	1.8151 	1.8965 	1.6781 	1.6778 	1.6006 	1.5048 	1.5408 	1.7233 	1.7474 	1.6045 	1.5921 	1.5750 	1.4440 	1.4113 	1.3845 	1.3306 	1.3930 	1.3929 	1.5623 	1.7137 	1.7262 	1.5798 	1.6083 	1.6738 	1.6039 	1.6302 	1.3469 	1.3143 	1.2411 	1.1224 	1.0874 	0.9134 	0.8658 	0.9169 	0.9126 	0.8936 	0.9268 	0.9773 	1.0416 	1.0068 	0.9806 	0.9672 	0.9561 	0.9545 	0.9542 	: 	: 	: 	: 	: 	: 	: 	: 	: 	: 	: 	: 	: 	: 	: 	: 	: 	: 	: 	: 	: 	: 	: 	: 	: 	: 	: 	: 	: 	: 	: 	: 	: 	: 	: 	: 	: 	: 	: 	: 	: 	: 	: 
AVG,NAC,BAM	1.95583 	1.95583 	1.95583 	1.95583 	1.95583 	1.95583 	1.95583 	1.95583 	1.95583 	1.95583 	1.95583 	1.95583 	1.95583 	1.95583 	1.95583 	1.95583 	1.95583 	1.95583 	1.95583 	1.95583 	1.95583 	1.95583 	1.95583 	1.95583 	1.95583 	1.95583 	1.95583 	1.95583 	1.95583 	1.95583 	1.95583 	1.95583 	1.95583 	1.95583 	1.95583 	1.95583 	1.95583 	1.95583 	1.95583 	1.95583 	1.95583 	1.95583 	1.95583 	1.95583 	1.95583 	1.95583 	1.95583 	1.95583 	1.95583 	1.95583 	1.95583 	1.95583 	1.95583 	1.95583 	1.95583 	1.95583 	1.95583 	1.95583 	1.95583 	1.95583 	1.95583 	1.95583 	1.95583 	1.95583 	1.95583 	1.95583 	1.95583 	1.95583 	1.95583 	1.95583 	1.95583 	1.95583 	1.95583 	1.95583 	1.95583 	1.95583 	1.95583 	1.95583 	1.95583 	1.95583 	1.95583 	1.95583 	1.95583 	: 	: 	: 	: 	: 	: 	: 	: 	: 	: 	: 	: 	: 	: 	: 	: 	: 	: 	: 	: 	: 	: 	: 	: 	: 	: 	: 	: 	: 	: 	: 	: 	: 	: 	: 	: 	: 	: 	: 	: 	: 	: 	: 	: 	: 	: 	: 	: 	: 	: 	: 	: 	: 	: 	: 	: 	: 	: 	: 	: 	: 	: 	: 	: 	: 	: 	: 	: 	: 	: 	: 	: 	: 	: 	: 	: 	: 	: 	: 	: 	: 	: 	: 	: 	: 	: 	: 	: 	: 	: 	: 	: 	: 	: 	: 	: 	: 	: 	: 	: 	: 	: 	: 	: 	: 	: 	: 	: 	: 	: 	: 	: 
AVG,NAC,BGN	1.9558 	1.9558 	1.9558 	1.9558 	1.9558 	1.9558 	1.9558 	1.9558 	1.9558 	1.9558 	1.9558 	1.9558 	1.9558 	1.9558 	1.9558 	1.9558 	1.9558 	1.9558 	1.9558 	1.9558 	1.9558 	1.9558 	1.9558 	1.9558 	1.9558 	1.9558 	1.9558 	1.9558 	1.9558 	1.9558 	1.9558 	1.9558 	1.9558 	1.9558 	1.9558 	1.9558 	1.9558 	1.9558 	1.9558 	1.9558 	1.9558 	1.9558 	1.9558 	1.9558 	1.9558 	1.9558 	1.9558 	1.9558 	1.9558 	1.9558 	1.9558 	1.9558 	1.9558 	1.9558 	1.9558 	1.9558 	1.9558 	1.9558 	1.9559 	1.9559 	1.9559 	1.9493 	1.9517 	1.9494 	1.9466 	1.9467 	1.9535 	1.9493 	1.9471 	1.9504 	1.9503 	1.9467 	1.9468 	1.9471 	1.9522 	1.9488 	1.9482 	1.9558 	1.9558 	1.9558 	1.9558 	1.9558 	1.9558 	1.9572 	1.9690 	1.9738 	1.9771 	1.9722 	1.9738 	1.8005 	1.8122 	0.3984 	0.2500 	0.1421 	0.0942 	0.0911 	0.0883 	0.0876 	0.0844 	: 	: 	: 	: 	: 	: 	: 	: 	: 	: 	: 	: 	: 	: 	: 	: 	: 	: 	: 	: 	: 	: 	: 	: 	: 	: 	: 	: 	: 	: 	: 	: 	: 	: 	: 	: 	: 	: 	: 	: 	: 	: 	: 	: 	: 	: 	: 	: 	: 	: 	: 	: 	: 	: 	: 	: 	: 	: 	: 	: 	: 	: 	: 	: 	: 	: 	: 	: 	: 	: 	: 	: 	: 	: 	: 	: 	: 	: 	: 	: 	: 	: 	: 	: 	: 	: 	: 	: 	: 	: 	: 	: 	: 	: 	: 	: 
AVG,NAC,BRL	4.4080 	4.4070 	4.2775 	4.3439 	4.5974 	4.2943 	3.9887 	3.8196 	3.7150 	3.5441 	3.3468 	3.5548 	3.6223 	3.9631 	4.3041 	4.2138 	3.9340 	3.3981 	3.2236 	3.1758 	3.0137 	3.0583 	3.2400 	3.0931 	3.0304 	2.6994 	2.6368 	2.6671 	2.5359 	2.5167 	2.3169 	2.4240 	2.3063 	2.2960 	2.2799 	2.3037 	2.2589 	2.2762 	2.4917 	2.5703 	2.6699 	2.8245 	3.0168 	3.0102 	2.4986 	2.5882 	2.6012 	2.5863 	2.6333 	2.6715 	2.7630 	2.7720 	2.7659 	2.7566 	2.6410 	2.6743 	2.8605 	3.1277 	3.5002 	3.6135 	3.6435 	3.6675 	3.6212 	3.4462 	3.2970 	3.3951 	3.7497 	3.6716 	3.0605 	2.2993 	2.0890 	2.3012 	2.2647 	1.9974 	1.8616 	1.6742 	1.6419 	1.6819 	: 	: 	: 	: 	: 	: 	: 	: 	: 	: 	: 	: 	: 	: 	: 	: 	: 	: 	: 	: 	: 	: 	: 	: 	: 	: 	: 	: 	: 	: 	: 	: 	: 	: 	: 	: 	: 	: 	: 	: 	: 	: 	: 	: 	: 	: 	: 	: 	: 	: 	: 	: 	: 	: 	: 	: 	: 	: 	: 	: 	: 	: 	: 	: 	: 	: 	: 	: 	: 	: 	: 	: 	: 	: 	: 	: 	: 	: 	: 	: 	: 	: 	: 	: 	: 	: 	: 	: 	: 	: 	: 	: 	: 	: 	: 	: 	: 	: 	: 	: 	: 	: 	: 	: 	: 	: 	: 	: 	: 	: 	: 	: 	: 	: 	: 	: 	: 
AVG,NAC,CAD	1.4681 	1.5036 	1.5101 	1.5059 	1.5208 	1.5375 	1.5540 	1.4955 	1.4728 	1.4822 	1.4101 	1.4396 	1.4556 	1.4554 	1.5149 	1.4618 	1.4540 	1.3587 	1.3957 	1.4190 	1.4422 	1.4950 	1.5107 	1.4275 	1.3760 	1.3368 	1.3313 	1.2850 	1.2447 	1.2948 	1.3128 	1.3788 	1.3841 	1.3932 	1.3484 	1.3757 	1.3416 	1.3054 	1.4383 	1.5604 	1.5704 	1.5883 	1.6223 	1.5916 	1.5650 	1.5769 	1.5022 	1.4201 	1.4374 	1.4791 	1.5357 	1.4669 	1.4283 	1.4108 	1.3894 	1.3956 	1.4668 	1.5677 	1.6083 	1.5835 	1.5998 	1.6374 	1.6482 	1.5659 	1.5533 	1.5889 	1.6203 	1.5687 	1.5361 	1.4275 	1.3978 	1.4157 	1.3743 	1.3450 	1.4099 	1.3249 	1.3412 	1.3815 	1.4338 	1.5283 	1.5585 	1.5572 	1.6958 	1.8145 	1.6905 	1.5921 	1.5538 	1.5810 	1.5129 	1.5849 	1.6008 	1.7039 	1.7461 	1.7118 	1.7626 	1.7852 	1.7792 	1.8254 	1.7916 	1.6959 	1.6829 	1.6080 	1.5094 	1.5104 	1.4994 	1.5331 	1.5011 	1.5993 	1.6642 	1.5192 	1.4852 	1.4232 	1.3459 	1.3646 	1.5502 	1.5868 	1.4950 	1.4318 	1.4254 	1.3182 	1.2747 	1.2821 	1.3422 	1.4117 	1.3579 	1.4955 	1.5633 	1.5916 	1.4921 	1.5323 	1.5047 	1.4376 	1.4030 	1.3272 	1.2961 	1.1760 	1.0669 	0.9941 	0.9255 	0.9649 	1.0094 	1.0660 	1.0441 	1.0448 	1.0607 	1.1216 	1.1630 	1.1493 	1.1885 	1.2464 	1.2527 	1.2982 	1.2511 	1.3359 	1.4712 	1.5869 	1.6478 	1.6262 	1.6422 	1.6503 	1.6205 	1.5430 	1.6052 	1.5810 	1.4654 	1.3916 	1.3768 	1.2931 	1.2229 	1.1873 	1.1537 	1.1059 	1.0768 	1.0829 	1.1441 	1.1962 	1.2404 	: 	: 	: 	: 	: 	: 	: 	: 	: 	: 	: 	: 	: 	: 	: 	: 	: 	: 
AVG,NAC,CHF	1.0960 	1.1265 	1.1324 	1.1365 	1.1445 	1.1742 	1.1653 	1.1622 	1.1312 	1.0842 	1.0694 	1.0798 	1.0889 	1.0961 	1.0960 	1.0848 	1.0723 	1.0410 	1.0722 	1.2045 	1.2115 	1.2192 	1.2237 	1.2294 	1.2348 	1.2315 	1.2284 	1.2080 	1.2035 	1.2015 	1.2080 	1.2293 	1.1649 	1.2514 	1.2871 	1.3225 	1.3321 	1.4086 	1.4632 	1.5088 	1.5195 	1.5138 	1.4977 	1.5249 	1.6115 	1.6114 	1.6014 	1.6596 	1.6473 	1.6478 	1.6162 	1.5928 	1.5768 	1.5631 	1.5590 	1.5472 	1.5533 	1.5437 	1.5488 	1.5334 	1.5363 	1.5374 	1.5686 	1.5537 	1.5451 	1.5180 	1.4662 	1.4667 	1.4636 	1.4648 	1.4733 	1.4735 	1.5070 	1.5283 	1.5334 	1.5162 	1.5441 	1.5630 	1.6070 	1.6003 	1.6020 	1.5997 	1.5994 	1.6004 	1.6418 	1.6427 	1.6039 	1.6097 	1.6263 	1.6527 	1.6899 	1.6214 	1.5578 	1.5602 	1.5318 	1.5151 	1.5496 	1.5374 	1.5793 	1.6071 	1.6089 	1.6369 	1.6333 	1.6730 	1.6976 	1.7625 	1.7930 	1.7581 	1.8057 	1.8766 	1.8356 	1.8007 	1.7871 	1.7501 	1.7500 	1.7378 	1.7328 	1.7627 	1.8154 	1.8121 	1.7889 	1.8213 	1.7792 	1.7482 	1.7417 	1.7262 	1.6964 	1.6988 	1.7209 	1.7140 	1.7378 	1.7268 	1.7081 	1.7878 	1.8261 	1.8204 	1.8414 	1.8810 	1.8825 	1.8385 	1.8736 	1.8527 	1.8254 	1.8211 	1.8485 	1.8923 	1.9106 	1.9954 	2.0079 	1.9997 	1.9414 	1.9916 	2.1630 	2.2669 	2.3351 	2.3069 	2.3220 	2.3384 	2.3444 	2.2846 	2.2783 	2.2835 	2.2684 	2.1828 	2.1518 	2.3653 	2.3886 	2.5612 	2.7409 	2.8314 	2.8223 	2.7230 	2.7299 	2.7598 	2.9649 	3.1163 	3.2065 	3.2665 	3.2153 	3.3390 	3.5539 	: 	: 	: 	: 	: 	: 	: 	: 	: 	: 	: 	: 	: 	: 
AVG,NAC,CNY	7.8000 	7.6721 	7.6635 	7.8953 	7.9151 	7.6017 	7.8154 	7.7887 	7.8340 	7.5597 	7.3353 	7.3691 	7.4431 	7.3788 	7.2101 	7.0003 	7.0083 	6.8572 	7.0231 	7.6824 	8.1734 	8.5438 	8.3576 	8.2903 	8.1111 	8.0376 	8.2209 	8.1036 	7.9410 	8.1071 	8.2692 	8.5682 	9.0653 	9.3509 	9.0028 	9.0405 	8.7388 	8.6717 	9.4417 	10.0905 	9.7702 	9.3107 	8.9066 	9.0155 	10.2969 	10.8687 	10.7268 	10.7699 	10.3834 	10.3476 	10.1688 	10.1339 	10.1506 	10.0815 	9.6793 	9.6057 	9.9250 	10.4232 	10.8536 	10.7423 	10.1195 	9.9675 	10.3440 	9.8412 	9.3096 	9.4129 	8.8824 	8.2717 	8.1425 	7.6051 	7.2556 	7.4152 	7.3688 	7.2218 	7.6415 	7.1869 	7.4927 	7.7241 	: 	: 	: 	: 	: 	: 	: 	: 	: 	: 	: 	: 	: 	: 	: 	: 	: 	: 	: 	: 	: 	: 	: 	: 	: 	: 	: 	: 	: 	: 	: 	: 	: 	: 	: 	: 	: 	: 	: 	: 	: 	: 	: 	: 	: 	: 	: 	: 	: 	: 	: 	: 	: 	: 	: 	: 	: 	: 	: 	: 	: 	: 	: 	: 	: 	: 	: 	: 	: 	: 	: 	: 	: 	: 	: 	: 	: 	: 	: 	: 	: 	: 	: 	: 	: 	: 	: 	: 	: 	: 	: 	: 	: 	: 	: 	: 	: 	: 	: 	: 	: 	: 	: 	: 	: 	: 	: 	: 	: 	: 	: 	: 	: 	: 	: 	: 	: 
AVG,NAC,CZK	25.734 	25.686 	25.683 	25.864 	25.718 	25.599 	25.402 	25.650 	26.085 	26.535 	27.021 	27.029 	27.029 	27.040 	27.040 	27.057 	27.075 	27.379 	27.624 	27.630 	27.619 	27.446 	27.442 	26.658 	25.853 	25.831 	25.565 	25.167 	25.082 	25.269 	25.084 	25.276 	24.387 	24.324 	24.375 	24.789 	24.928 	25.591 	25.868 	25.923 	25.597 	26.679 	27.601 	25.344 	24.093 	24.830 	25.564 	26.826 	27.941 	28.272 	28.037 	28.044 	28.337 	28.378 	28.599 	29.304 	29.688 	30.129 	30.012 	31.125 	31.593 	32.022 	32.860 	32.096 	32.168 	31.470 	31.624 	30.857 	30.231 	30.400 	31.768 	33.168 	34.021 	34.288 	34.791 	34.896 	35.465 	36.279 	35.768 	36.342 	36.410 	37.585 	37.217 	34.880 	35.268 	36.521 	37.622 	37.752 	36.940 	35.589 	33.323 	34.185 	34.051 	34.721 	34.894 	34.803 	34.821 	34.702 	34.440 	34.557 	34.454 	33.968 	33.624 	33.624 	33.796 	34.711 	34.545 	: 	: 	: 	: 	: 	: 	: 	: 	: 	: 	: 	: 	: 	: 	: 	: 	: 	: 	: 	: 	: 	: 	: 	: 	: 	: 	: 	: 	: 	: 	: 	: 	: 	: 	: 	: 	: 	: 	: 	: 	: 	: 	: 	: 	: 	: 	: 	: 	: 	: 	: 	: 	: 	: 	: 	: 	: 	: 	: 	: 	: 	: 	: 	: 	: 	: 	: 	: 	: 	: 	: 	: 	: 	: 	: 	: 	: 	: 	: 	: 	: 	: 	: 	: 	: 	: 	: 	: 
AVG,NAC,DKK	7.4631 	7.4665 	7.4637 	7.4619 	7.4554 	7.4485 	7.4467 	7.4427 	7.4382 	7.4384 	7.4353 	7.4390 	7.4424 	7.4394 	7.4605 	7.4605 	7.4617 	7.4623 	7.4501 	7.4423 	7.4522 	7.4628 	7.4625 	7.4593 	7.4580 	7.4555 	7.4589 	7.4590 	7.4457 	7.4349 	7.4350 	7.4398 	7.4506 	7.4573 	7.4550 	7.4547 	7.4498 	7.4416 	7.4426 	7.4424 	7.4442 	7.4471 	7.4514 	7.4512 	7.4592 	7.4599 	7.4534 	7.4557 	7.4446 	7.4500 	7.4524 	7.4557 	7.4604 	7.4581 	7.4621 	7.4586 	7.4588 	7.4463 	7.4433 	7.4343 	7.4367 	7.4393 	7.4495 	7.4361 	7.4309 	7.4250 	7.4305 	7.4281 	7.4281 	7.4343 	7.4317 	7.4415 	7.4438 	7.4593 	7.4639 	7.4537 	7.4597 	7.4564 	7.4456 	7.4368 	7.4367 	7.4324 	7.4361 	7.4431 	7.5007 	7.5222 	7.5341 	7.5096 	7.5171 	7.4638 	7.4408 	7.4025 	7.3610 	7.3674 	7.3070 	7.2704 	7.2959 	7.2847 	7.4561 	7.4953 	7.5521 	7.5670 	7.5597 	7.6379 	7.7410 	7.4951 	7.4880 	7.5766 	7.8248 	7.9227 	7.9232 	7.9214 	7.9315 	7.8959 	7.8837 	7.8686 	7.8836 	7.8146 	7.8573 	7.9551 	8.0595 	8.0867 	8.0953 	8.0033 	7.9416 	7.9422 	7.9189 	7.9620 	7.9390 	7.8185 	7.8112 	7.8596 	7.9452 	7.9587 	7.9808 	7.9934 	8.0723 	8.0490 	7.9596 	8.0478 	8.1557 	8.2020 	8.1815 	8.1636 	8.1831 	8.0864 	8.0901 	8.2066 	8.2238 	8.1300 	8.0614 	7.8782 	7.8770 	7.9749 	7.9655 	7.8589 	7.8142 	7.8368 	7.8010 	7.4201 	7.2751 	7.1502 	6.9814 	6.9909 	7.0681 	6.9836 	7.0328 	7.1126 	6.9252 	6.7831 	6.5939 	6.5464 	6.6974 	6.7292 	7.0736 	7.1364 	7.1148 	7.1008 	7.1383 	7.1571 	7.2261 	7.2336 	7.4208 	7.3798 	7.3495 	7.4184 	7.5162 	7.6151 	7.7606 	7.9003 	7.8803 	7.7838 	7.7888 	7.7434 	7.6946 
AVG,NAC,GBP	0.90209 	0.87477 	0.87251 	0.88665 	0.89237 	0.87616 	0.88337 	0.88731 	0.89779 	0.86112 	0.86009 	0.86908 	0.84973 	0.78678 	0.77037 	0.72203 	0.71735 	0.72105 	0.74336 	0.78911 	0.79378 	0.81471 	0.82787 	0.84074 	0.85453 	0.85056 	0.85111 	0.80740 	0.79153 	0.80998 	0.83448 	0.85727 	0.87760 	0.88274 	0.85386 	0.85944 	0.83305 	0.85239 	0.88760 	0.90483 	0.87161 	0.87883 	0.90878 	0.83907 	0.79504 	0.79286 	0.75698 	0.70782 	0.68001 	0.67880 	0.67062 	0.67314 	0.67977 	0.68778 	0.68625 	0.67996 	0.68344 	0.67856 	0.69362 	0.69507 	0.67216 	0.66704 	0.67987 	0.69753 	0.69887 	0.70169 	0.66961 	0.63611 	0.63533 	0.62853 	0.61471 	0.62090 	0.61940 	0.61437 	0.63260 	0.60046 	0.61245 	0.61035 	0.61442 	0.63632 	0.65492 	0.65784 	0.68679 	0.70239 	0.67617 	0.66550 	0.66034 	0.67732 	0.67247 	0.69911 	0.72224 	0.77215 	0.81975 	0.82307 	0.84071 	0.84388 	0.83404 	0.83364 	0.80443 	0.78250 	0.79137 	0.77299 	0.75613 	0.76427 	0.76443 	0.78626 	0.80668 	0.80324 	0.72823 	0.70346 	0.71280 	0.70785 	0.69885 	0.69518 	0.70209 	0.70208 	0.69640 	0.72955 	0.72811 	0.71167 	0.67549 	0.66194 	0.64432 	0.65336 	0.65677 	0.66130 	0.68640 	0.69181 	0.69770 	0.70005 	0.72924 	0.72664 	0.68012 	0.63564 	0.64126 	0.59423 	0.57020 	0.57804 	0.61373 	0.60078 	0.59169 	0.59090 	0.57948 	0.57401 	0.57022 	0.58585 	0.61895 	0.56653 	0.55101 	0.56304 	0.56158 	0.57845 	0.56222 	0.53620 	0.53393 	0.56209 	0.59754 	0.60845 	0.62596 	0.65165 	0.62217 	0.64020 	0.67167 	0.67680 	0.66396 	0.67319 	0.64199 	0.64683 	0.65850 	0.65623 	0.65327 	0.67419 	0.62399 	0.61264 	0.57572 	0.57570 	0.56551 	0.55813 	0.53972 	0.52009 	0.50726 	0.50563 	0.50578 	0.52277 	0.52516 	0.48375 	0.47759 	0.46805 	0.45799 	0.43591 	0.43381 	0.43062 	0.43038 	0.42733 	0.42601 
AVG,NAC,HKD	8.7057 	8.8098 	8.9116 	8.9371 	9.1233 	9.3510 	9.6216 	9.1928 	9.1796 	8.5833 	8.2641 	8.3699 	8.6611 	8.7638 	8.5683 	8.4889 	8.6170 	8.5682 	8.7339 	9.6931 	10.2746 	10.6297 	10.6287 	10.5522 	10.2696 	10.1383 	10.2428 	10.0506 	9.6962 	9.9460 	10.1725 	10.4879 	11.0105 	11.1932 	10.6535 	10.5441 	10.0324 	9.8857 	10.7364 	11.4555 	11.0854 	10.5657 	10.1016 	10.2191 	11.7372 	12.1845 	11.6737 	11.2639 	10.7250 	10.5372 	10.2334 	10.0269 	9.9109 	9.7618 	9.3273 	9.2157 	9.4782 	9.8090 	10.2257 	10.0964 	9.5310 	9.3925 	9.7201 	9.2219 	8.7674 	8.8692 	8.3695 	7.7941 	7.6731 	7.1664 	6.8368 	6.9873 	6.9439 	6.8051 	7.2007 	6.7714 	7.0601 	7.2713 	7.6765 	8.0680 	8.1390 	8.1948 	8.6908 	: 	: 	: 	: 	: 	: 	: 	: 	: 	: 	: 	: 	: 	: 	: 	: 	: 	: 	: 	: 	: 	: 	: 	: 	: 	: 	: 	: 	: 	: 	: 	: 	: 	: 	: 	: 	: 	: 	: 	: 	: 	: 	: 	: 	: 	: 	: 	: 	: 	: 	: 	: 	: 	: 	: 	: 	: 	: 	: 	: 	: 	: 	: 	: 	: 	: 	: 	: 	: 	: 	: 	: 	: 	: 	: 	: 	: 	: 	: 	: 	: 	: 	: 	: 	: 	: 	: 	: 	: 	: 	: 	: 	: 	: 	: 	: 	: 	: 	: 	: 	: 	: 	: 	: 	: 	: 	: 	: 	: 	: 	: 	: 
AVG,NAC,HRK	7.39360 	7.41830 	7.42160 	7.41970 	7.41730 	7.39760 	7.43800 	7.53270 	7.42630 	7.42950 	7.46680 	7.52270 	7.49330 	7.50450 	7.61700 	7.62290 	7.57810 	7.57350 	7.68110 	7.66490 	7.62330 	7.59920 	7.64980 	7.62900 	7.54590 	7.55660 	7.58380 	7.52900 	7.47320 	7.52800 	7.55680 	7.49680 	7.46290 	7.39320 	7.40180 	7.36830 	7.25320 	7.24770 	7.28490 	7.27560 	7.32320 	7.35280 	7.41160 	7.17520 	7.18270 	7.25560 	7.28520 	7.32810 	7.30800 	7.34940 	7.36560 	7.36570 	7.31090 	7.27860 	7.34260 	7.38310 	7.37280 	7.34430 	7.50810 	7.55280 	7.39500 	7.43400 	7.60530 	7.63030 	7.50810 	7.53820 	7.60000 	7.44610 	7.36530 	7.37330 	7.47000 	7.42030 	7.40760 	7.41290 	7.68510 	7.56300 	7.57520 	7.69210 	7.74030 	7.63515 	7.60807 	7.58590 	7.46814 	7.32570 	7.16409 	7.10739 	6.95713 	6.95532 	7.00088 	6.96047 	6.91062 	6.84134 	6.71297 	6.84064 	6.81985 	6.82407 	6.78551 	6.63861 	6.78524 	6.96976 	7.06137 	7.14643 	7.20103 	7.57396 	5.01664 	2.62961 	1.33398 	0.66961 	0.36138 	0.21005 	: 	: 	: 	: 	: 	: 	: 	: 	: 	: 	: 	: 	: 	: 	: 	: 	: 	: 	: 	: 	: 	: 	: 	: 	: 	: 	: 	: 	: 	: 	: 	: 	: 	: 	: 	: 	: 	: 	: 	: 	: 	: 	: 	: 	: 	: 	: 	: 	: 	: 	: 	: 	: 	: 	: 	: 	: 	: 	: 	: 	: 	: 	: 	: 	: 	: 	: 	: 	: 	: 	: 	: 	: 	: 	: 	: 	: 	: 	: 	: 	: 	: 	: 	: 	: 
AVG,NAC,HUF	328.10 	322.97 	317.91 	323.00 	324.11 	317.20 	311.03 	311.60 	306.42 	309.76 	309.09 	309.34 	311.02 	313.37 	312.02 	312.65 	312.10 	306.10 	308.89 	308.53 	312.24 	305.91 	307.93 	297.43 	297.96 	295.53 	296.50 	283.25 	283.05 	293.98 	296.85 	303.47 	275.10 	266.42 	272.43 	275.77 	282.44 	274.85 	268.52 	270.88 	271.35 	285.71 	294.19 	263.36 	236.07 	248.04 	259.30 	252.86 	251.82 	248.31 	252.32 	260.25 	275.41 	266.83 	254.56 	251.84 	245.57 	249.75 	245.01 	245.94 	248.80 	252.16 	260.00 	259.82 	259.65 	250.95 	243.63 	239.47 	245.35 	242.94 	244.04 	251.62 	251.83 	257.22 	265.72 	263.94 	261.14 	259.11 	256.07 	255.62 	253.08 	250.65 	251.68 	255.11 	245.77 	234.15 	226.25 	222.21 	213.26 	208.17 	202.40 	202.71 	196.91 	189.64 	185.46 	179.24 	170.80 	164.11 	144.45 	135.60 	129.50 	119.57 	115.44 	113.05 	108.58 	106.92 	101.89 	103.20 	106.85 	100.71 	98.61 	95.84 	89.83 	90.11 	94.28 	83.32 	81.57 	79.38 	77.16 	68.18 	65.53 	65.57 	60.83 	61.35 	59.48 	58.62 	: 	: 	: 	: 	: 	: 	: 	: 	: 	: 	: 	: 	: 	: 	: 	: 	: 	: 	: 	: 	: 	: 	: 	: 	: 	: 	: 	: 	: 	: 	: 	: 	: 	: 	: 	: 	: 	: 	: 	: 	: 	: 	: 	: 	: 	: 	: 	: 	: 	: 	: 	: 	: 	: 	: 	: 	: 	: 	: 	: 	: 	: 	: 	: 	: 	: 	: 	: 	: 
AVG,NAC,IDR	15702.20 	16020.80 	16057.12 	16889.52 	16986.07 	16643.14 	16686.98 	15937.92 	15659.42 	14670.05 	14209.20 	14299.89 	14662.16 	15031.53 	14892.07 	15091.47 	15412.50 	14520.07 	14419.12 	15310.68 	15588.03 	15935.34 	16179.21 	15682.97 	14115.14 	12784.60 	12789.08 	12473.53 	11876.24 	11932.86 	11901.67 	12111.94 	12181.09 	12364.41 	12171.85 	12178.16 	11612.07 	11581.24 	12809.32 	13999.42 	14285.93 	14334.53 	15174.96 	14469.21 	13868.99 	14460.45 	13861.78 	13374.03 	12705.62 	12082.62 	11934.33 	11771.01 	11626.90 	11479.67 	11178.36 	11875.37 	12216.99 	12032.61 	12165.35 	11840.69 	11190.20 	10866.99 	10583.17 	10075.69 	9483.62 	9631.01 	9554.38 	9043.67 	8808.59 	8358.05 	8927.18 	9229.35 	8630.25 	9812.78 	9027.97 	8019.38 	7912.38 	7719.97 	7282.88 	7497.74 	7855.22 	8438.49 	9806.91 	: 	: 	: 	: 	: 	: 	: 	: 	: 	: 	: 	: 	: 	: 	: 	: 	: 	: 	: 	: 	: 	: 	: 	: 	: 	: 	: 	: 	: 	: 	: 	: 	: 	: 	: 	: 	: 	: 	: 	: 	: 	: 	: 	: 	: 	: 	: 	: 	: 	: 	: 	: 	: 	: 	: 	: 	: 	: 	: 	: 	: 	: 	: 	: 	: 	: 	: 	: 	: 	: 	: 	: 	: 	: 	: 	: 	: 	: 	: 	: 	: 	: 	: 	: 	: 	: 	: 	: 	: 	: 	: 	: 	: 	: 	: 	: 	: 	: 	: 	: 	: 	: 	: 	: 	: 	: 	: 	: 	: 	: 	: 	: 
AVG,NAC,ILS	3.9206 	4.0400 	4.1389 	4.2259 	4.2275 	4.2623 	4.2544 	4.1341 	4.1848 	3.9536 	3.9733 	4.1337 	4.2483 	4.3087 	4.3058 	4.2469 	4.2793 	4.2814 	4.4444 	4.7827 	4.6593 	4.7517 	4.7892 	4.7994 	4.7459 	4.7407 	4.8969 	4.9853 	4.9818 	4.9021 	4.9431 	5.0172 	5.0174 	4.9490 	4.9247 	4.9154 	4.8978 	4.8110 	5.1622 	5.5629 	5.4765 	5.5364 	5.2892 	5.0120 	5.2428 	5.3461 	5.4293 	5.7160 	5.7529 	5.5079 	5.5269 	5.4880 	5.5931 	5.6702 	5.6170 	5.5237 	5.5353 	5.5536 	5.7163 	5.7083 	5.5079 	5.4813 	5.5810 	5.2782 	4.9797 	5.1010 	5.1818 	4.7261 	4.6439 	4.4835 	4.0480 	3.8313 	3.7869 	3.6291 	3.8178 	3.5577 	3.6746 	3.8280 	: 	: 	: 	: 	: 	: 	: 	: 	: 	: 	: 	: 	: 	: 	: 	: 	: 	: 	: 	: 	: 	: 	: 	: 	: 	: 	: 	: 	: 	: 	: 	: 	: 	: 	: 	: 	: 	: 	: 	: 	: 	: 	: 	: 	: 	: 	: 	: 	: 	: 	: 	: 	: 	: 	: 	: 	: 	: 	: 	: 	: 	: 	: 	: 	: 	: 	: 	: 	: 	: 	: 	: 	: 	: 	: 	: 	: 	: 	: 	: 	: 	: 	: 	: 	: 	: 	: 	: 	: 	: 	: 	: 	: 	: 	: 	: 	: 	: 	: 	: 	: 	: 	: 	: 	: 	: 	: 	: 	: 	: 	: 	: 	: 	: 	: 	: 	: 
AVG,NAC,INR	78.2735 	78.1607 	80.0720 	82.3529 	81.5478 	79.8543 	79.1264 	76.2374 	75.5147 	71.0626 	71.2842 	72.7290 	74.7520 	75.5503 	74.4270 	72.1966 	72.2386 	70.1627 	70.0867 	77.3943 	80.3183 	81.9776 	84.5794 	84.4048 	82.3565 	73.0046 	71.5390 	70.2047 	68.9706 	69.3757 	65.8991 	68.5352 	64.7000 	64.3809 	61.9255 	60.9153 	59.9818 	57.9879 	63.4796 	68.9088 	69.1909 	66.3982 	64.7948 	64.0069 	65.7970 	65.0070 	59.4477 	57.0427 	55.5597 	55.3478 	57.7040 	57.8920 	59.0449 	57.1754 	53.3094 	53.9297 	53.2807 	54.8852 	57.2749 	58.2142 	56.3534 	54.0613 	56.4778 	54.0615 	51.7038 	53.4702 	51.2383 	48.2044 	47.7903 	44.9655 	42.5604 	42.9687 	42.0992 	40.9154 	42.9771 	40.4741 	41.1382 	41.2033 	: 	: 	: 	: 	: 	: 	: 	: 	: 	: 	: 	: 	: 	: 	: 	: 	: 	: 	: 	: 	: 	: 	: 	: 	: 	: 	: 	: 	: 	: 	: 	: 	: 	: 	: 	: 	: 	: 	: 	: 	: 	: 	: 	: 	: 	: 	: 	: 	: 	: 	: 	: 	: 	: 	: 	: 	: 	: 	: 	: 	: 	: 	: 	: 	: 	: 	: 	: 	: 	: 	: 	: 	: 	: 	: 	: 	: 	: 	: 	: 	: 	: 	: 	: 	: 	: 	: 	: 	: 	: 	: 	: 	: 	: 	: 	: 	: 	: 	: 	: 	: 	: 	: 	: 	: 	: 	: 	: 	: 	: 	: 	: 	: 	: 	: 	: 	: 
AVG,NAC,ISK	138.40 	137.92 	136.09 	137.28 	125.71 	123.31 	123.73 	123.46 	124.11 	115.06 	119.06 	121.98 	131.92 	139.54 	141.61 	141.38 	146.04 	147.66 	150.32 	153.77 	154.26 	154.85 	156.58 	163.33 	160.40 	157.47 	168.26 	163.13 	153.82 	162.93 	163.25 	159.10 	163.50 	164.35 	158.93 	154.02 	154.80 	163.30 	176.02 	183.75 	180.69 	172.55 	153.24 	261.87 	125.69 	119.09 	101.09 	88.69 	86.71 	85.82 	89.28 	88.94 	91.21 	92.72 	78.43 	73.86 	77.64 	80.79 	80.67 	86.19 	87.48 	87.70 	87.22 	89.16 	88.40 	84.71 	84.16 	85.75 	84.95 	85.16 	88.96 	93.86 	89.18 	87.06 	79.63 	74.90 	72.75 	70.58 	72.09 	74.44 	76.88 	77.94 	79.54 	81.65 	79.44 	78.74 	78.87 	80.27 	78.47 	80.83 	82.32 	84.27 	84.87 	84.19 	85.25 	85.46 	84.68 	84.40 	84.20 	84.10 	83.82 	82.63 	81.83 	81.15 	81.56 	77.09 	76.94 	75.52 	75.26 	73.88 	73.49 	73.25 	72.10 	72.12 	74.53 	74.93 	74.31 	73.73 	73.16 	70.09 	64.54 	59.46 	57.32 	54.04 	51.79 	50.65 	46.55 	45.37 	44.12 	44.59 	44.35 	42.15 	41.30 	39.55 	38.64 	35.59 	32.45 	30.14 	28.38 	26.77 	24.15 	24.33 	24.26 	23.75 	24.01 	21.77 	18.40 	14.83 	12.52 	10.70 	10.03 	8.67 	7.87 	7.71 	7.89 	7.60 	7.09 	6.25 	5.69 	5.48 	5.09 	4.43 	4.37 	4.20 	3.53 	3.18 	2.95 	2.48 	2.29 	2.18 	2.14 	2.11 	2.04 	2.01 	1.98 	1.97 	1.92 	1.97 	1.75 	1.43 	1.24 	: 	: 	: 	: 	: 	: 	: 	: 	: 	: 	: 	: 	: 	: 
AVG,NAC,JPY	119.32 	123.47 	125.08 	128.82 	129.61 	130.05 	133.17 	132.90 	130.35 	122.58 	121.01 	117.92 	114.29 	121.95 	127.00 	132.95 	135.86 	134.29 	134.12 	142.75 	137.75 	140.00 	140.80 	136.48 	131.02 	129.07 	121.80 	105.12 	98.30 	102.59 	103.99 	104.22 	109.77 	117.41 	112.57 	112.10 	110.67 	117.15 	125.48 	132.69 	133.82 	132.59 	122.04 	126.71 	161.83 	163.35 	157.80 	163.83 	161.90 	162.89 	156.43 	151.72 	148.09 	143.81 	140.51 	139.41 	135.62 	135.42 	137.01 	137.11 	134.38 	132.20 	133.97 	129.45 	132.14 	134.74 	127.59 	122.42 	117.25 	116.46 	116.07 	110.45 	108.27 	106.93 	109.06 	95.30 	97.43 	99.55 	105.50 	108.42 	118.73 	127.70 	130.75 	140.55 	156.27 	149.47 	139.22 	140.50 	128.86 	136.77 	142.55 	142.34 	138.88 	134.83 	136.08 	133.63 	123.35 	112.44 	122.14 	122.58 	121.60 	120.07 	120.97 	123.44 	121.47 	132.65 	143.84 	155.91 	173.07 	165.63 	162.22 	162.48 	160.56 	164.25 	179.19 	178.52 	188.29 	189.72 	178.39 	161.37 	153.37 	148.43 	144.60 	146.35 	148.92 	152.90 	157.82 	164.31 	165.90 	163.99 	172.17 	166.37 	157.81 	162.84 	173.51 	176.88 	187.05 	181.97 	176.16 	179.93 	187.02 	189.49 	191.88 	197.50 	208.69 	216.48 	223.25 	241.57 	245.93 	244.44 	242.22 	244.55 	239.23 	244.88 	253.14 	282.48 	312.83 	321.72 	343.12 	334.62 	303.79 	289.98 	272.85 	255.19 	246.88 	272.12 	293.78 	289.47 	304.11 	310.23 	319.16 	326.73 	320.21 	330.63 	347.35 	356.52 	357.94 	: 	: 	: 	: 	: 	: 	: 	: 	: 	: 	: 	: 	: 	: 	: 	: 	: 	: 
AVG,NAC,KRW	1327.55 	1312.07 	1278.59 	1286.97 	1304.58 	1287.10 	1317.65 	1303.04 	1330.19 	1245.81 	1227.29 	1249.52 	1250.96 	1313.74 	1324.34 	1268.04 	1300.59 	1214.26 	1240.16 	1357.93 	1361.10 	1410.80 	1465.34 	1445.53 	1469.03 	1467.08 	1433.09 	1414.42 	1416.52 	1477.96 	1482.75 	1542.87 	1532.60 	1559.23 	1530.79 	1538.70 	1526.12 	1481.01 	1581.41 	1725.91 	1772.14 	1747.10 	1847.59 	1796.44 	1600.93 	1590.82 	1430.84 	1334.12 	1274.31 	1252.05 	1230.80 	1209.29 	1217.10 	1194.34 	1173.72 	1231.69 	1255.21 	1269.53 	1340.74 	1415.11 	1411.03 	1400.41 	1464.18 	1404.56 	1321.05 	1373.83 	1288.92 	1215.37 	1172.73 	1157.79 	1155.27 	1155.22 	1150.05 	1138.94 	1174.68 	1011.55 	1009.53 	1042.02 	1109.85 	1217.37 	1252.85 	1258.75 	1342.61 	1507.90 	1482.92 	1534.31 	1741.58 	: 	: 	: 	: 	: 	: 	: 	: 	: 	: 	: 	: 	: 	: 	: 	: 	: 	: 	: 	: 	: 	: 	: 	: 	: 	: 	: 	: 	: 	: 	: 	: 	: 	: 	: 	: 	: 	: 	: 	: 	: 	: 	: 	: 	: 	: 	: 	: 	: 	: 	: 	: 	: 	: 	: 	: 	: 	: 	: 	: 	: 	: 	: 	: 	: 	: 	: 	: 	: 	: 	: 	: 	: 	: 	: 	: 	: 	: 	: 	: 	: 	: 	: 	: 	: 	: 	: 	: 	: 	: 	: 	: 	: 	: 	: 	: 	: 	: 	: 	: 	: 	: 	: 	: 	: 	: 	: 	: 
AVG,NAC,MKD	61.4939 	61.4980 	61.5248 	61.4933 	61.4929 	61.5000 	61.5602 	61.5142 	61.5742 	61.6486 	61.5654 	61.4948 	61.5197 	61.6887 	61.6812 	61.6473 	61.6129 	61.6275 	61.5551 	61.6469 	61.5454 	61.6521 	61.6549 	61.5410 	61.5546 	61.6585 	61.5883 	61.5007 	61.5346 	61.5922 	61.5028 	61.5067 	61.5441 	61.5539 	61.5119 	61.5583 	61.5505 	61.5454 	61.4181 	61.1731 	61.1849 	61.3435 	61.4090 	61.3357 	61.1776 	61.2532 	61.2915 	61.2073 	61.1755 	61.1737 	61.1819 	61.1856 	61.1697 	61.1673 	61.2353 	61.1901 	61.2203 	61.3754 	61.4055 	61.4594 	61.3114 	61.2834 	61.2879 	61.2522 	61.2116 	61.2869 	61.3056 	61.0258 	60.9766 	60.9565 	60.9531 	60.9545 	60.9433 	60.9178 	60.8352 	60.7653 	60.7651 	60.7221 	60.6497 	60.6030 	60.6311 	60.6291 	60.6090 	60.9169 	61.0602 	61.1278 	61.1441 	60.9782 	59.9383 	51.9733 	51.6958 	51.1442 	50.2476 	49.9684 	48.9305 	48.6629 	49.3477 	48.8806 	49.7289 	49.7169 	50.0358 	52.2596 	52.4690 	: 	: 	: 	: 	: 	: 	: 	: 	: 	: 	: 	: 	: 	: 	: 	: 	: 	: 	: 	: 	: 	: 	: 	: 	: 	: 	: 	: 	: 	: 	: 	: 	: 	: 	: 	: 	: 	: 	: 	: 	: 	: 	: 	: 	: 	: 	: 	: 	: 	: 	: 	: 	: 	: 	: 	: 	: 	: 	: 	: 	: 	: 	: 	: 	: 	: 	: 	: 	: 	: 	: 	: 	: 	: 	: 	: 	: 	: 	: 	: 	: 	: 	: 	: 	: 	: 	: 	: 	: 	: 	: 	: 
AVG,NAC,MXN	21.5945 	21.5004 	21.8057 	22.6080 	22.0656 	23.1328 	23.0372 	22.3050 	20.9382 	20.4437 	21.6167 	21.3839 	20.9233 	20.4353 	19.8983 	18.3515 	18.2680 	16.9510 	16.8275 	17.3061 	17.3879 	17.8171 	18.1299 	17.7331 	17.1005 	16.2956 	16.7042 	16.7805 	16.4690 	17.3620 	17.0195 	18.3742 	17.3908 	16.8752 	16.5007 	16.8206 	16.5210 	15.9583 	17.6555 	19.3003 	18.9695 	18.1648 	18.7267 	17.1856 	15.5214 	16.2919 	16.1862 	15.7217 	15.0578 	14.6645 	14.4422 	14.0374 	13.9492 	14.0682 	12.7474 	12.7351 	13.0765 	13.8216 	14.6696 	14.6904 	13.9904 	13.7202 	13.7294 	13.2988 	12.0502 	11.8838 	11.6102 	10.1603 	9.7264 	8.7162 	7.9868 	8.2893 	8.2159 	8.0156 	8.9534 	8.2512 	8.4664 	8.9480 	9.2736 	9.8243 	9.8256 	9.9827 	11.1814 	: 	: 	: 	: 	: 	: 	: 	: 	: 	: 	: 	: 	: 	: 	: 	: 	: 	: 	: 	: 	: 	: 	: 	: 	: 	: 	: 	: 	: 	: 	: 	: 	: 	: 	: 	: 	: 	: 	: 	: 	: 	: 	: 	: 	: 	: 	: 	: 	: 	: 	: 	: 	: 	: 	: 	: 	: 	: 	: 	: 	: 	: 	: 	: 	: 	: 	: 	: 	: 	: 	: 	: 	: 	: 	: 	: 	: 	: 	: 	: 	: 	: 	: 	: 	: 	: 	: 	: 	: 	: 	: 	: 	: 	: 	: 	: 	: 	: 	: 	: 	: 	: 	: 	: 	: 	: 	: 	: 	: 	: 	: 	: 
AVG,NAC,MYR	4.6307 	4.6625 	4.6466 	4.7598 	4.7598 	4.7101 	4.8239 	4.8986 	5.0069 	4.7689 	4.7341 	4.6635 	4.5250 	4.5264 	4.6232 	4.6929 	4.5083 	4.0468 	4.0772 	4.2015 	4.2323 	4.4352 	4.5184 	4.3633 	4.2904 	4.0088 	4.0699 	3.9632 	3.9029 	3.9918 	4.0121 	4.2458 	4.2666 	4.3451 	4.1668 	4.2304 	4.0716 	4.1172 	4.6590 	5.0275 	5.0333 	4.8340 	4.7259 	4.6798 	5.0209 	5.0183 	4.8324 	4.8613 	4.7608 	4.6204 	4.5842 	4.6734 	4.6786 	4.5853 	4.4814 	4.4881 	4.6008 	4.7858 	4.9835 	4.9324 	4.6440 	4.5772 	4.7493 	4.5179 	4.2734 	4.3215 	4.0783 	3.7977 	3.7382 	3.4918 	3.3312 	3.4043 	3.3833 	3.3162 	3.5082 	3.2999 	3.4405 	3.5467 	3.7487 	3.9453 	3.9840 	4.0164 	4.2608 	: 	: 	: 	: 	: 	: 	: 	: 	: 	: 	: 	: 	: 	: 	: 	: 	: 	: 	: 	: 	: 	: 	: 	: 	: 	: 	: 	: 	: 	: 	: 	: 	: 	: 	: 	: 	: 	: 	: 	: 	: 	: 	: 	: 	: 	: 	: 	: 	: 	: 	: 	: 	: 	: 	: 	: 	: 	: 	: 	: 	: 	: 	: 	: 	: 	: 	: 	: 	: 	: 	: 	: 	: 	: 	: 	: 	: 	: 	: 	: 	: 	: 	: 	: 	: 	: 	: 	: 	: 	: 	: 	: 	: 	: 	: 	: 	: 	: 	: 	: 	: 	: 	: 	: 	: 	: 	: 	: 	: 	: 	: 	: 
AVG,NAC,NOK	9.8471 	9.7184 	9.7421 	9.6270 	9.5773 	9.5521 	9.6337 	9.6049 	9.3479 	9.3770 	8.9892 	9.0363 	9.2887 	9.3178 	9.5266 	9.3381 	9.1378 	8.5634 	8.7318 	8.5878 	8.2754 	8.2049 	8.3471 	8.2375 	7.9303 	7.6114 	7.4290 	7.3664 	7.3910 	7.5582 	7.5868 	7.7602 	7.7652 	7.8259 	7.8236 	8.0499 	7.9561 	7.9093 	8.1020 	8.3932 	8.7397 	8.8431 	8.9472 	8.9328 	8.0604 	7.9401 	7.9583 	7.8778 	7.9175 	8.1060 	8.1690 	8.2712 	8.0604 	7.8314 	8.0227 	7.8785 	7.8817 	8.0483 	8.2388 	8.1987 	8.3890 	8.2634 	8.6310 	8.2227 	8.2472 	7.9570 	7.5706 	7.3192 	7.3991 	7.5175 	7.8117 	7.9693 	8.0094 	8.0109 	8.2024 	8.0396 	8.0995 	8.2040 	8.1105 	8.1908 	8.2227 	8.2404 	8.5979 	8.8247 	8.5370 	8.2762 	8.2018 	8.0079 	8.1497 	8.1036 	7.8038 	8.1231 	8.2061 	8.1986 	8.2585 	8.2701 	8.2729 	8.3093 	8.2920 	8.3485 	8.3956 	8.3768 	8.3753 	8.3539 	8.3320 	8.2689 	8.2789 	8.1064 	8.0231 	8.0194 	8.0164 	8.0190 	8.0174 	8.0189 	8.0126 	8.0086 	7.9770 	7.9299 	7.8777 	7.7247 	7.5864 	7.5295 	7.5745 	7.7281 	7.6134 	7.6116 	7.8476 	7.8528 	7.5924 	7.7125 	7.9051 	7.7477 	7.4789 	7.0898 	6.7617 	6.6416 	6.5393 	6.4542 	6.4029 	6.4677 	6.4236 	6.3854 	6.3904 	6.3255 	6.3729 	6.5362 	6.7396 	6.6689 	6.3088 	6.0885 	6.1674 	6.3548 	6.2779 	6.3308 	6.5876 	6.7307 	6.8864 	6.8680 	6.9741 	7.0065 	6.9739 	6.8775 	6.8861 	6.7440 	6.7761 	6.6769 	6.4925 	6.3289 	6.1196 	5.9575 	5.8980 	5.8600 	6.0656 	6.0973 	6.3733 	6.5028 	6.5091 	6.4108 	6.4620 	6.5624 	6.5266 	: 	: 	: 	: 	: 	: 	: 	: 	: 	: 	: 	: 	: 	: 
AVG,NAC,NZD	1.7137 	1.6968 	1.6669 	1.7038 	1.7394 	1.6921 	1.6896 	1.6909 	1.6086 	1.5627 	1.4982 	1.5163 	1.5444 	1.6345 	1.6622 	1.6432 	1.7079 	1.5155 	1.4973 	1.5969 	1.5731 	1.5923 	1.6371 	1.6439 	1.6612 	1.5920 	1.5823 	1.5751 	1.5462 	1.6241 	1.6030 	1.7353 	1.6976 	1.7992 	1.8107 	1.7915 	1.7979 	1.8145 	1.9510 	2.0297 	2.1232 	2.2565 	2.4498 	2.2829 	2.1094 	2.0129 	1.8960 	1.8965 	1.8508 	1.8188 	1.8836 	1.9143 	2.0079 	2.0172 	1.8128 	1.7124 	1.7640 	1.7597 	1.8299 	1.8526 	1.8701 	1.9180 	1.8532 	1.9032 	1.9254 	1.9955 	1.9537 	2.0171 	2.0853 	1.9796 	2.0626 	2.1558 	2.1228 	2.1061 	2.1352 	2.1245 	2.0520 	1.9571 	1.9812 	2.0281 	1.9972 	1.9487 	2.0866 	2.2358 	2.1993 	2.0631 	1.8787 	1.8198 	1.6897 	1.6560 	1.6914 	1.7893 	1.8422 	1.8408 	1.9145 	2.0138 	1.9812 	1.9918 	1.9873 	1.9943 	2.0386 	1.9987 	1.9755 	2.0647 	2.0880 	2.2318 	2.2893 	2.4123 	2.5538 	2.3558 	2.3212 	2.2397 	2.0523 	2.0322 	2.2466 	2.2498 	2.1312 	2.1136 	2.0319 	1.9112 	1.8388 	1.7998 	1.8182 	1.8468 	1.7302 	1.7765 	1.8628 	1.9079 	1.8636 	1.9784 	2.0465 	2.0339 	2.0092 	1.7195 	1.7555 	1.5337 	1.5035 	1.5915 	1.4878 	1.4999 	1.4913 	1.2677 	1.2628 	1.2822 	1.3174 	1.3818 	1.3474 	1.3005 	1.2963 	1.3150 	1.3042 	1.3149 	: 	: 	: 	: 	: 	: 	: 	: 	: 	: 	: 	: 	: 	: 	: 	: 	: 	: 	: 	: 	: 	: 	: 	: 	: 	: 	: 	: 	: 	: 	: 	: 	: 	: 	: 	: 	: 	: 	: 	: 	: 	: 	: 
AVG,NAC,PHP	57.574 	58.460 	59.493 	60.726 	62.265 	62.527 	63.344 	59.951 	59.747 	54.957 	53.238 	52.989 	52.574 	52.573 	52.070 	51.327 	51.243 	49.407 	50.033 	56.024 	58.073 	60.464 	61.468 	59.354 	57.813 	54.620 	53.769 	53.387 	52.377 	54.813 	56.421 	58.566 	60.371 	62.256 	59.876 	59.240 	58.363 	57.848 	63.593 	69.080 	68.815 	65.097 	62.133 	63.653 	68.422 	67.174 	61.211 	62.330 	63.035 	63.134 	63.609 	64.108 	65.356 	65.819 	62.292 	64.821 	68.335 	68.847 	72.084 	73.035 	68.442 	67.361 	69.969 	65.704 	61.368 	60.151 	58.032 	53.218 	50.674 	46.309 	44.926 	46.449 	46.403 	44.302 	45.444 	42.853 	40.774 	39.174 	40.141 	41.985 	41.212 	40.165 	43.399 	: 	: 	: 	: 	: 	: 	: 	: 	: 	: 	: 	: 	: 	: 	: 	: 	: 	: 	: 	: 	: 	: 	: 	: 	: 	: 	: 	: 	: 	: 	: 	: 	: 	: 	: 	: 	: 	: 	: 	: 	: 	: 	: 	: 	: 	: 	: 	: 	: 	: 	: 	: 	: 	: 	: 	: 	: 	: 	: 	: 	: 	: 	: 	: 	: 	: 	: 	: 	: 	: 	: 	: 	: 	: 	: 	: 	: 	: 	: 	: 	: 	: 	: 	: 	: 	: 	: 	: 	: 	: 	: 	: 	: 	: 	: 	: 	: 	: 	: 	: 	: 	: 	: 	: 	: 	: 	: 	: 	: 	: 	: 	: 
AVG,NAC,PLN	4.3184 	4.2823 	4.3016 	4.2993 	4.3032 	4.2623 	4.1792 	4.2322 	4.2577 	4.2148 	4.3206 	4.3783 	4.3377 	4.3723 	4.3652 	4.2636 	4.1877 	4.0883 	4.1926 	4.2112 	4.1747 	4.1665 	4.1843 	4.1853 	4.2477 	4.1982 	4.1558 	4.1123 	4.1366 	4.2595 	4.2329 	4.4207 	4.1527 	3.9596 	3.9460 	3.9666 	4.0087 	4.0171 	3.9869 	4.1745 	4.1978 	4.4523 	4.4988 	3.7658 	3.3081 	3.4070 	3.5759 	3.6584 	3.7900 	3.8005 	3.8863 	3.8478 	3.9537 	3.9482 	3.8346 	3.9152 	4.0186 	4.1301 	4.0267 	4.2342 	4.4236 	4.6877 	4.7763 	4.6232 	4.4244 	4.3560 	4.1892 	3.9970 	4.0810 	3.7169 	3.6182 	3.6623 	3.7611 	3.4840 	3.7738 	3.9157 	3.9708 	4.0892 	4.0579 	4.3372 	4.1682 	4.1847 	4.2202 	4.0935 	3.9618 	3.7840 	3.8125 	3.9144 	3.7660 	3.6322 	3.5492 	3.5732 	3.4912 	3.3507 	3.2742 	3.2605 	3.1795 	3.1664 	3.0755 	2.9384 	2.8007 	2.6133 	2.4538 	2.3552 	2.1545 	2.0410 	1.9380 	1.9018 	1.8904 	1.7373 	1.5383 	1.3950 	1.3300 	1.2290 	1.2742 	1.2982 	1.2317 	1.1616 	: 	: 	: 	: 	: 	: 	: 	: 	: 	: 	: 	: 	: 	: 	: 	: 	: 	: 	: 	: 	: 	: 	: 	: 	: 	: 	: 	: 	: 	: 	: 	: 	: 	: 	: 	: 	: 	: 	: 	: 	: 	: 	: 	: 	: 	: 	: 	: 	: 	: 	: 	: 	: 	: 	: 	: 	: 	: 	: 	: 	: 	: 	: 	: 	: 	: 	: 	: 	: 	: 	: 	: 	: 	: 	: 	: 	: 
AVG,NAC,RON	4.7314 	4.7480 	4.7358 	4.6605 	4.6471 	4.6532 	4.6553 	4.6189 	4.5822 	4.5532 	4.5217 	4.5069 	4.4646 	4.4986 	4.4924 	4.4573 	4.4290 	4.4442 	4.4516 	4.4336 	4.4146 	4.4256 	4.5023 	4.4506 	4.4410 	4.3958 	4.3865 	4.5288 	4.5255 	4.4293 	4.3533 	4.3365 	4.2587 	4.1378 	4.2212 	4.2888 	4.2553 	4.1854 	4.1135 	4.2680 	4.2263 	4.1963 	4.2682 	3.8165 	3.5768 	3.6521 	3.6887 	3.4489 	3.2321 	3.2789 	3.3812 	3.4791 	3.5415 	3.5172 	3.5638 	3.6379 	3.5250 	3.6195 	3.7069 	3.9839 	4.0994 	4.0664 	4.0550 	3.9735 	3.7410 	3.7434 	3.5593 	3.3444 	3.2525 	3.0626 	2.8344 	2.7932 	2.6532 	2.4831 	2.4706 	2.1750 	2.0383 	1.9065 	1.8506 	1.8053 	1.6905 	1.6127 	1.4222 	1.1689 	0.9887 	0.9329 	0.8954 	0.8782 	0.8061 	0.8122 	0.7459 	0.4440 	0.3998 	0.3694 	0.3541 	0.3127 	0.2686 	0.2544 	0.2294 	0.2184 	0.2086 	0.1935 	0.1681 	0.1213 	0.0939 	0.0770 	0.0621 	: 	: 	: 	: 	: 	: 	: 	: 	: 	: 	: 	: 	: 	: 	: 	: 	: 	: 	: 	: 	: 	: 	: 	: 	: 	: 	: 	: 	: 	: 	: 	: 	: 	: 	: 	: 	: 	: 	: 	: 	: 	: 	: 	: 	: 	: 	: 	: 	: 	: 	: 	: 	: 	: 	: 	: 	: 	: 	: 	: 	: 	: 	: 	: 	: 	: 	: 	: 	: 	: 	: 	: 	: 	: 	: 	: 	: 	: 	: 	: 	: 	: 	: 	: 	: 	: 	: 	: 
AVG,NAC,RSD	117.7220 	117.9654 	118.2272 	118.3549 	118.1386 	118.1712 	118.4251 	119.1062 	119.7569 	122.8565 	123.8771 	123.2639 	123.2945 	123.0234 	122.8697 	120.8471 	120.2073 	120.4441 	121.4980 	120.3057 	117.3672 	115.5768 	115.7469 	114.3277 	114.1826 	112.1531 	111.6966 	113.4502 	116.9489 	113.7331 	108.1070 	102.0917 	101.9484 	99.7969 	103.9546 	106.5578 	105.1455 	101.3676 	98.6685 	94.4983 	93.2378 	94.1540 	93.9268 	84.9503 	77.1433 	81.0839 	82.6492 	78.7803 	80.0538 	81.0936 	80.0185 	79.5450 	83.2371 	86.9254 	87.0869 	85.7172 	83.8453 	81.9071 	80.2432 	77.0150 	73.3110 	70.8077 	69.2363 	67.2450 	65.3413 	64.8732 	62.8156 	61.2523 	60.8774 	60.5068 	60.0686 	: 	: 	: 	: 	: 	: 	: 	: 	: 	: 	: 	: 	: 	: 	: 	: 	: 	: 	: 	: 	: 	: 	: 	: 	: 	: 	: 	: 	: 	: 	: 	: 	: 	: 	: 	: 	: 	: 	: 	: 	: 	: 	: 	: 	: 	: 	: 	: 	: 	: 	: 	: 	: 	: 	: 	: 	: 	: 	: 	: 	: 	: 	: 	: 	: 	: 	: 	: 	: 	: 	: 	: 	: 	: 	: 	: 	: 	: 	: 	: 	: 	: 	: 	: 	: 	: 	: 	: 	: 	: 	: 	: 	: 	: 	: 	: 	: 	: 	: 	: 	: 	: 	: 	: 	: 	: 	: 	: 	: 	: 	: 	: 	: 	: 	: 	: 	: 	: 	: 	: 	: 	: 	: 	: 
AVG,NAC,RUB	71.8369 	72.5606 	74.9094 	75.9075 	76.2394 	73.9910 	69.9291 	68.8000 	69.2851 	63.1033 	62.5218 	67.9975 	72.1154 	74.3348 	82.4506 	72.4051 	70.3033 	58.2187 	70.9608 	59.7160 	48.0583 	47.9415 	48.0425 	44.2920 	43.4394 	41.3464 	40.1518 	40.3064 	39.9755 	39.8768 	39.5496 	42.0737 	41.1734 	40.2750 	39.9976 	41.7192 	39.5260 	38.5027 	41.2697 	43.5740 	44.7703 	43.7716 	44.4165 	35.9649 	36.4917 	36.9108 	36.3097 	35.6947 	35.0350 	34.8589 	34.4795 	34.2713 	34.1602 	34.1890 	33.8349 	34.1294 	34.7864 	35.3733 	36.5154 	36.9618 	35.6546 	34.8398 	35.7746 	35.4080 	34.2380 	35.0779 	33.9709 	31.7836 	31.0807 	28.7697 	27.0360 	26.7225 	26.1369 	25.3377 	26.3905 	24.2528 	25.1745 	26.4843 	28.1286 	27.3828 	26.0996 	26.2845 	26.3077 	: 	: 	: 	: 	: 	: 	: 	: 	: 	: 	: 	: 	: 	: 	: 	: 	: 	: 	: 	: 	: 	: 	: 	: 	: 	: 	: 	: 	: 	: 	: 	: 	: 	: 	: 	: 	: 	: 	: 	: 	: 	: 	: 	: 	: 	: 	: 	: 	: 	: 	: 	: 	: 	: 	: 	: 	: 	: 	: 	: 	: 	: 	: 	: 	: 	: 	: 	: 	: 	: 	: 	: 	: 	: 	: 	: 	: 	: 	: 	: 	: 	: 	: 	: 	: 	: 	: 	: 	: 	: 	: 	: 	: 	: 	: 	: 	: 	: 	: 	: 	: 	: 	: 	: 	: 	: 	: 	: 	: 	: 	: 	: 
AVG,NAC,SEK	10.6622 	10.6191 	10.4187 	10.3204 	10.4055 	10.3303 	9.9712 	9.7930 	9.5568 	9.6918 	9.5063 	9.7574 	9.5106 	9.2782 	9.3267 	9.3022 	9.4293 	9.2995 	9.3800 	9.2718 	9.2052 	9.0517 	8.8569 	8.8575 	8.6798 	8.5652 	8.4965 	8.6230 	8.4354 	8.9133 	8.8529 	9.0910 	9.1451 	9.0153 	8.8642 	9.2139 	9.3804 	9.6313 	9.9464 	10.3509 	10.4241 	10.7806 	10.9410 	10.2335 	9.4738 	9.3517 	9.3996 	9.2899 	9.2639 	9.2573 	9.1894 	9.1350 	9.2304 	9.2979 	9.3525 	9.4731 	9.3658 	9.2083 	9.0736 	9.0128 	9.1581 	9.1450 	9.1843 	9.0093 	9.1631 	9.1425 	9.1822 	9.0946 	9.2301 	9.1584 	9.1589 	9.4810 	9.4067 	9.1261 	9.0038 	8.6025 	8.4040 	8.2758 	8.4955 	8.6477 	8.7101 	8.9038 	8.9751 	9.3751 	8.9457 	8.5969 	8.7148 	8.5818 	8.5563 	8.8066 	8.6671 	8.4274 	8.4526 	8.4474 	8.7282 	8.8108 	9.4279 	9.7144 	9.3880 	9.1439 	9.4137 	9.0758 	9.0069 	9.3640 	9.2141 	8.9329 	8.9531 	7.8867 	7.4102 	7.4057 	7.4195 	7.4589 	7.4485 	7.3960 	7.6162 	7.6632 	7.5596 	7.4409 	7.4145 	7.2054 	7.0475 	7.0311 	7.1139 	7.1861 	7.1486 	7.2522 	7.3842 	7.4207 	7.2567 	7.2447 	7.3139 	7.1777 	7.0554 	6.8978 	6.8409 	6.6665 	6.5839 	6.4892 	6.3389 	6.3641 	6.4555 	6.6041 	6.6229 	6.6787 	6.7203 	6.8717 	7.0226 	6.8545 	5.8509 	5.9174 	5.9461 	6.0130 	5.4753 	5.4339 	5.6085 	5.7603 	5.9075 	5.9053 	5.9497 	5.9074 	5.8494 	5.8270 	5.9017 	5.8314 	5.7230 	5.7061 	5.7365 	5.6087 	5.2152 	4.9323 	4.7259 	4.6838 	4.8553 	4.8897 	5.0417 	5.1651 	5.1579 	5.1081 	5.1325 	5.2088 	5.2697 	: 	: 	: 	: 	: 	: 	: 	: 	: 	: 	: 	: 	: 	: 
AVG,NAC,SGD	1.5288 	1.5324 	1.5388 	1.5696 	1.5904 	1.5899 	1.6210 	1.5947 	1.5984 	1.5341 	1.5080 	1.5209 	1.5101 	1.5336 	1.5466 	1.5415 	1.5465 	1.4845 	1.5273 	1.6179 	1.6584 	1.7178 	1.7379 	1.7006 	1.6795 	1.6311 	1.6345 	1.5855 	1.5594 	1.6200 	1.6573 	1.7348 	1.7309 	1.7842 	1.7467 	1.7693 	1.7503 	1.7674 	1.9395 	2.0604 	2.0570 	2.0050 	1.9709 	1.9588 	2.1010 	2.1346 	2.1107 	2.1061 	2.0841 	2.0562 	2.0073 	2.0091 	2.0125 	1.9989 	1.9567 	2.0065 	2.0436 	2.0885 	2.1452 	2.1481 	2.0867 	2.0518 	2.1179 	2.0507 	1.9699 	1.9872 	1.8724 	1.7671 	1.7295 	1.6567 	1.6072 	1.6344 	1.5823 	1.5829 	1.6164 	1.5158 	1.5693 	1.6082 	1.6744 	1.7372 	1.7719 	1.8099 	1.9105 	: 	: 	: 	: 	: 	: 	: 	: 	: 	: 	: 	: 	: 	: 	: 	: 	: 	: 	: 	: 	: 	: 	: 	: 	: 	: 	: 	: 	: 	: 	: 	: 	: 	: 	: 	: 	: 	: 	: 	: 	: 	: 	: 	: 	: 	: 	: 	: 	: 	: 	: 	: 	: 	: 	: 	: 	: 	: 	: 	: 	: 	: 	: 	: 	: 	: 	: 	: 	: 	: 	: 	: 	: 	: 	: 	: 	: 	: 	: 	: 	: 	: 	: 	: 	: 	: 	: 	: 	: 	: 	: 	: 	: 	: 	: 	: 	: 	: 	: 	: 	: 	: 	: 	: 	: 	: 	: 	: 	: 	: 	: 	: 
AVG,NAC,THB	34.1496 	35.5053 	35.9188 	37.4665 	38.3580 	38.0437 	38.7942 	38.7837 	39.2014 	37.8005 	37.3896 	38.1833 	38.8832 	39.8231 	39.2820 	39.2408 	39.1915 	36.8000 	36.7655 	40.8780 	42.5627 	44.5102 	44.7221 	43.1513 	41.6751 	39.0307 	39.3613 	39.7781 	39.2068 	40.1013 	40.6300 	41.7910 	42.5742 	43.5924 	41.7712 	40.7276 	40.8246 	41.1515 	45.4722 	49.2213 	48.5752 	47.2936 	46.0377 	45.9038 	50.9595 	50.4368 	46.4606 	45.0968 	43.2200 	44.0106 	44.5377 	47.1087 	48.0151 	47.9807 	47.2730 	48.7796 	50.3751 	50.4965 	50.6223 	52.1912 	50.4781 	48.5219 	49.0151 	47.3051 	46.4673 	48.0154 	45.9381 	43.4020 	41.3742 	39.3019 	38.3536 	39.7635 	40.0162 	39.6368 	39.9388 	37.7071 	37.1089 	36.1292 	37.1601 	40.2786 	40.2263 	39.3043 	41.5688 	: 	: 	: 	: 	: 	: 	: 	: 	: 	: 	: 	: 	: 	: 	: 	: 	: 	: 	: 	: 	: 	: 	: 	: 	: 	: 	: 	: 	: 	: 	: 	: 	: 	: 	: 	: 	: 	: 	: 	: 	: 	: 	: 	: 	: 	: 	: 	: 	: 	: 	: 	: 	: 	: 	: 	: 	: 	: 	: 	: 	: 	: 	: 	: 	: 	: 	: 	: 	: 	: 	: 	: 	: 	: 	: 	: 	: 	: 	: 	: 	: 	: 	: 	: 	: 	: 	: 	: 	: 	: 	: 	: 	: 	: 	: 	: 	: 	: 	: 	: 	: 	: 	: 	: 	: 	: 	: 	: 	: 	: 	: 	: 
AVG,NAC,TRY	6.3065 	6.6061 	6.1102 	6.2981 	6.5823 	5.2232 	4.6899 	4.4787 	4.1283 	3.9405 	3.9378 	3.5444 	3.3098 	3.2709 	3.2470 	3.1860 	3.1757 	2.9536 	2.7731 	2.8271 	2.8674 	2.8972 	3.0372 	2.7537 	2.6092 	2.4037 	2.3577 	2.3272 	2.2560 	2.3157 	2.3556 	2.4759 	2.4535 	2.2579 	2.1591 	1.9897 	1.9560 	1.9560 	2.0866 	2.2029 	2.1444 	2.1410 	2.1635 	2.0261 	1.8235 	1.9717 	1.8036 	1.7261 	1.7685 	1.8029 	1.8492 	1.8781 	1.9118 	1.8473 	1.6026 	1.6132 	1.6372 	1.7193 	1.7412 	1.8716 	1.8075 	1.7595 	1.6654 	1.7210 	1.5698 	1.7165 	1.7780 	1.6173 	1.6249 	1.3055 	1.1954 	1.3751 	1.2504 	1.0387 	0.7455 	0.5906 	0.5841 	0.5695 	0.5553 	0.5182 	0.4621 	0.4203 	0.3862 	0.3453 	0.3046 	0.2787 	0.2435 	0.2113 	0.1775 	0.1572 	0.1394 	0.1247 	0.1089 	0.0960 	0.0828 	0.0696 	0.0608 	0.0571 	0.0523 	0.0450 	0.0397 	0.0383 	0.0202 	0.0152 	0.0133 	0.0121 	0.0108 	0.0101 	0.0098 	0.0085 	0.0072 	0.0062 	0.0053 	0.0047 	0.0043 	0.0038 	0.0035 	0.0031 	: 	: 	: 	: 	: 	: 	: 	: 	: 	: 	: 	: 	: 	: 	: 	: 	: 	: 	: 	: 	: 	: 	: 	: 	: 	: 	: 	: 	: 	: 	: 	: 	: 	: 	: 	: 	: 	: 	: 	: 	: 	: 	: 	: 	: 	: 	: 	: 	: 	: 	: 	: 	: 	: 	: 	: 	: 	: 	: 	: 	: 	: 	: 	: 	: 	: 	: 	: 	: 	: 	: 	: 	: 	: 	: 	: 	: 
AVG,NAC,TWD	34.6810 	34.9910 	35.0180 	35.2010 	35.6700 	35.4940 	36.0110 	35.4580 	35.5450 	33.3510 	33.0850 	34.2840 	35.4020 	36.5950 	36.4820 	35.7450 	35.5820 	34.0800 	35.5320 	38.5140 	39.7870 	41.2810 	41.4920 	40.2080 	39.5370 	39.0070 	38.9310 	37.7970 	37.2890 	37.9650 	38.9330 	40.7870 	41.2050 	41.5390 	40.0950 	41.2280 	41.2560 	40.5310 	44.1640 	47.7390 	46.8960 	45.1030 	44.2760 	43.4350 	46.8930 	47.5420 	47.2740 	46.9880 	45.2310 	44.6690 	43.1430 	42.3350 	41.7670 	40.4810 	38.8420 	39.7640 	39.4230 	39.5390 	41.3330 	42.6860 	41.5140 	40.2310 	41.7470 	40.4140 	38.5180 	39.4810 	37.2380 	34.8190 	33.4070 	31.6450 	30.7130 	30.9560 	30.8550 	29.2220 	30.0370 	28.1610 	28.1300 	28.6460 	30.1400 	32.9200 	33.5800 	34.5700 	36.6000 	: 	: 	: 	: 	: 	: 	: 	: 	: 	: 	: 	: 	: 	: 	: 	: 	: 	: 	: 	: 	: 	: 	: 	: 	: 	: 	: 	: 	: 	: 	: 	: 	: 	: 	: 	: 	: 	: 	: 	: 	: 	: 	: 	: 	: 	: 	: 	: 	: 	: 	: 	: 	: 	: 	: 	: 	: 	: 	: 	: 	: 	: 	: 	: 	: 	: 	: 	: 	: 	: 	: 	: 	: 	: 	: 	: 	: 	: 	: 	: 	: 	: 	: 	: 	: 	: 	: 	: 	: 	: 	: 	: 	: 	: 	: 	: 	: 	: 	: 	: 	: 	: 	: 	: 	: 	: 	: 	: 	: 	: 	: 	: 
AVG,NAC,USD	1.1119 	1.1237 	1.1358 	1.1414 	1.1629 	1.1915 	1.2292 	1.1774 	1.1746 	1.1021 	1.0648 	1.0789 	1.1166 	1.1292 	1.1020 	1.0953 	1.1117 	1.1053 	1.1261 	1.2498 	1.3256 	1.3711 	1.3696 	1.3610 	1.3242 	1.3062 	1.3206 	1.2967 	1.2502 	1.2814 	1.3108 	1.3482 	1.4127 	1.4391 	1.3680 	1.3583 	1.2910 	1.2708 	1.3829 	1.4779 	1.4303 	1.3632 	1.3029 	1.3180 	1.5050 	1.5622 	1.4976 	1.4486 	1.3738 	1.3481 	1.3106 	1.2887 	1.2743 	1.2582 	1.2023 	1.1884 	1.2199 	1.2594 	1.3113 	1.2977 	1.2220 	1.2046 	1.2497 	1.1890 	1.1248 	1.1372 	1.0731 	0.9994 	0.9838 	0.9188 	0.8766 	0.8959 	0.8903 	0.8725 	0.9232 	0.8683 	0.9052 	0.9332 	0.9865 	1.0380 	1.0486 	1.0569 	1.1216 	1.1770 	1.1177 	1.1004 	1.0868 	1.1234 	1.0933 	1.1435 	1.1790 	1.2619 	1.2742 	1.2545 	1.2873 	1.3174 	1.3124 	1.3310 	1.2733 	1.2402 	1.2268 	1.1634 	1.1252 	1.1400 	1.1503 	1.2068 	1.1905 	1.2681 	1.3859 	1.2718 	1.2626 	1.2545 	1.1768 	1.1876 	1.3413 	1.3666 	1.2965 	1.2227 	1.2055 	1.1279 	1.0785 	1.0743 	1.1262 	1.1703 	1.1136 	1.2163 	1.2335 	1.2141 	1.1284 	1.1498 	1.1246 	1.0382 	1.0127 	0.9588 	0.9229 	0.8529 	0.7847 	0.7260 	0.6845 	0.7321 	0.7686 	0.8248 	0.8317 	0.8439 	0.8607 	0.9112 	0.9479 	0.9336 	0.9506 	1.0019 	1.0363 	1.0893 	1.0329 	1.1151 	1.2329 	1.3421 	1.4232 	1.3911 	1.4111 	1.4046 	1.3892 	1.3321 	1.3536 	1.3418 	1.2816 	1.2356 	1.2374 	1.1737 	1.1432 	1.1282 	1.1196 	1.1137 	1.1017 	1.1067 	1.1502 	1.1761 	1.2040 	1.2974 	1.2903 	1.2121 	1.1924 	1.2127 	1.1535 	1.2445 	1.3020 	1.2243 	1.1561 	1.1065 	1.1200 	1.1337 	1.1269 	1.0783 	1.0508 	1.0336 	1.0284 
AVG,NAC,ZAR	16.2996 	16.1683 	15.9206 	16.2947 	16.3625 	15.0724 	14.7102 	16.0959 	15.4855 	14.5421 	14.0814 	15.0034 	15.6905 	16.9532 	17.4552 	15.5569 	14.4516 	13.3824 	13.2283 	14.0102 	14.2700 	14.4616 	14.8866 	13.8224 	13.2329 	12.3996 	11.8264 	11.2766 	10.3385 	10.4214 	10.1730 	10.9209 	10.0898 	9.7852 	9.5875 	9.3785 	9.4593 	9.5974 	10.3852 	11.0757 	11.1618 	11.5242 	12.9740 	13.0786 	11.7055 	12.1648 	11.2736 	9.8088 	9.7645 	9.5688 	9.4919 	9.4458 	9.1094 	8.1745 	7.4067 	7.7706 	7.9392 	8.0799 	7.8793 	7.8379 	7.7869 	7.9465 	8.4768 	8.0159 	8.3505 	8.8217 	8.9600 	9.6491 	10.2514 	9.5993 	10.1199 	9.0561 	7.4635 	7.0090 	7.2244 	6.5981 	6.3321 	6.4172 	6.2197 	6.3602 	6.3941 	6.4835 	6.8495 	6.8134 	6.9521 	5.7002 	5.3809 	5.3967 	5.0746 	5.1110 	5.3278 	5.8508 	5.6921 	5.4125 	4.8547 	4.8128 	4.7859 	4.8489 	4.5462 	4.3896 	4.4229 	4.2073 	3.8695 	: 	: 	: 	: 	: 	: 	: 	: 	: 	: 	: 	: 	: 	: 	: 	: 	: 	: 	: 	: 	: 	: 	: 	: 	: 	: 	: 	: 	: 	: 	: 	: 	: 	: 	: 	: 	: 	: 	: 	: 	: 	: 	: 	: 	: 	: 	: 	: 	: 	: 	: 	: 	: 	: 	: 	: 	: 	: 	: 	: 	: 	: 	: 	: 	: 	: 	: 	: 	: 	: 	: 	: 	: 	: 	: 	: 	: 	: 	: 	: 	: 	: 	: 	: 	: 	: 	: 	: 	: 	: 	: 	: 
END,NAC,ALL	122.11 	122.65 	125.34 	123.42 	126.29 	125.93 	130.44 	132.95 	133.70 	132.59 	136.13 	135.23 	137.33 	137.33 	138.77 	137.28 	139.39 	140.29 	140.34 	140.14 	139.89 	140.26 	140.27 	140.20 	141.37 	140.96 	139.91 	139.59 	140.19 	138.17 	140.38 	138.93 	140.95 	141.41 	140.57 	138.77 	138.45 	136.45 	139.05 	137.96 	134.51 	130.76 	131.02 	123.80 	123.89 	122.05 	123.70 	121.78 	123.08 	121.83 	126.47 	123.85 	123.02 	123.27 	122.95 	122.58 	123.41 	123.92 	125.81 	126.35 	124.80 	123.06 	130.23 	134.32 	137.91 	135.22 	140.58 	140.18 	136.43 	138.74 	125.45 	120.73 	129.38 	126.06 	129.87 	132.57 	128.95 	133.70 	134.80 	135.80 	142.65 	141.40 	158.83 	: 	: 	: 	: 	: 	: 	: 	: 	: 	: 	: 	: 	: 	: 	: 	: 	: 	: 	: 	: 	: 	: 	: 	: 	: 	: 	: 	: 	: 	: 	: 	: 	: 	: 	: 	: 	: 	: 	: 	: 	: 	: 	: 	: 	: 	: 	: 	: 	: 	: 	: 	: 	: 	: 	: 	: 	: 	: 	: 	: 	: 	: 	: 	: 	: 	: 	: 	: 	: 	: 	: 	: 	: 	: 	: 	: 	: 	: 	: 	: 	: 	: 	: 	: 	: 	: 	: 	: 	: 	: 	: 	: 	: 	: 	: 	: 	: 	: 	: 	: 	: 	: 	: 	: 	: 	: 	: 	: 	: 	: 	: 	: 
END,NAC,ARS	62.4212 	48.5926 	48.6476 	43.1299 	46.1252 	32.7123 	24.8046 	22.7027 	20.6930 	18.8184 	16.4871 	16.7918 	17.1377 	16.6141 	16.6659 	14.0953 	10.5577 	10.1679 	9.4832 	10.2800 	10.6716 	11.1064 	11.0348 	8.9900 	7.8228 	7.0315 	6.5572 	6.4881 	6.0655 	5.5988 	5.8366 	5.5670 	5.6773 	5.9315 	5.7528 	5.3100 	5.4094 	4.8225 	5.2204 	5.4800 	5.6300 	5.3500 	4.9400 	4.8000 	4.4600 	4.7700 	5.0000 	4.6300 	4.4700 	4.1600 	4.1400 	4.0500 	3.9300 	3.9300 	3.7300 	3.5900 	3.5000 	3.4900 	3.7900 	4.0500 	3.7202 	3.6042 	3.5068 	3.7312 	3.3910 	3.2056 	3.2522 	3.5394 	3.7024 	3.8504 	2.6390 	0.8800 	0.9146 	0.8479 	0.8828 	0.9290 	0.8765 	0.9554 	0.9552 	: 	: 	: 	: 	: 	: 	: 	: 	: 	: 	: 	: 	: 	: 	: 	: 	: 	: 	: 	: 	: 	: 	: 	: 	: 	: 	: 	: 	: 	: 	: 	: 	: 	: 	: 	: 	: 	: 	: 	: 	: 	: 	: 	: 	: 	: 	: 	: 	: 	: 	: 	: 	: 	: 	: 	: 	: 	: 	: 	: 	: 	: 	: 	: 	: 	: 	: 	: 	: 	: 	: 	: 	: 	: 	: 	: 	: 	: 	: 	: 	: 	: 	: 	: 	: 	: 	: 	: 	: 	: 	: 	: 	: 	: 	: 	: 	: 	: 	: 	: 	: 	: 	: 	: 	: 	: 	: 	: 	: 	: 	: 	: 	: 	: 	: 	: 
END,NAC,AUD	1.6126 	1.6244 	1.5821 	1.6220 	1.6048 	1.5787 	1.6036 	1.5346 	1.5075 	1.4851 	1.3982 	1.4596 	1.4657 	1.4929 	1.4807 	1.4897 	1.5939 	1.4550 	1.4154 	1.4829 	1.4442 	1.4537 	1.4941 	1.5423 	1.4486 	1.4171 	1.2308 	1.2712 	1.2396 	1.2339 	1.2836 	1.2723 	1.3874 	1.3485 	1.3736 	1.3136 	1.4070 	1.4403 	1.4741 	1.6008 	1.6596 	1.7359 	1.9216 	2.0274 	1.7739 	1.6371 	1.7334 	1.6757 	1.6073 	1.5885 	1.6484 	1.6691 	1.6992 	1.7117 	1.6997 	1.6109 	1.5828 	1.5885 	1.6763 	1.7459 	1.7212 	1.7554 	1.6052 	1.6802 	1.7101 	1.7116 	1.8076 	1.8556 	1.8101 	1.7702 	1.6382 	1.7280 	1.8420 	1.6735 	1.8158 	1.6770 	1.6180 	1.5894 	1.5811 	1.5422 	1.6395 	1.5598 	1.7060 	1.8993 	1.9701 	1.7747 	1.6232 	1.6910 	1.5426 	1.5148 	1.4865 	1.5735 	1.5841 	1.5932 	1.6413 	1.7653 	1.7459 	1.8883 	1.8462 	1.5857 	1.6770 	1.6450 	1.6448 	1.6455 	1.8290 	1.7407 	1.7003 	1.7595 	1.9615 	1.7976 	1.6174 	1.7635 	1.5400 	1.4790 	1.5486 	1.7682 	1.5926 	1.5607 	1.5996 	1.5152 	1.4215 	1.4017 	1.3460 	1.3722 	1.4066 	1.4397 	1.6888 	1.8052 	1.5853 	1.5724 	1.6261 	1.6108 	1.6382 	1.4481 	1.3138 	1.3019 	1.1706 	1.1010 	1.0372 	0.8588 	0.8864 	0.9340 	0.9189 	0.9206 	0.9578 	1.0197 	1.0691 	0.9869 	0.9801 	0.9396 	0.9473 	0.9620 	0.9337 	: 	: 	: 	: 	: 	: 	: 	: 	: 	: 	: 	: 	: 	: 	: 	: 	: 	: 	: 	: 	: 	: 	: 	: 	: 	: 	: 	: 	: 	: 	: 	: 	: 	: 	: 	: 	: 	: 	: 	: 	: 	: 
END,NAC,BAM	1.95583 	1.95583 	1.95583 	1.95583 	1.95583 	1.95583 	1.95583 	1.95583 	1.95583 	1.95583 	1.95583 	1.95583 	1.95583 	1.95583 	1.95583 	1.95583 	1.95583 	1.95583 	1.95583 	1.95583 	1.95583 	1.95583 	1.95583 	1.95583 	1.95583 	1.95583 	1.95583 	1.95583 	1.95583 	1.95583 	1.95583 	1.95583 	1.95583 	1.95583 	1.95583 	1.95583 	1.95583 	1.95583 	1.95583 	1.95583 	1.95583 	1.95583 	1.95583 	1.95583 	1.95583 	1.95583 	1.95583 	1.95583 	1.95583 	1.95583 	1.95583 	1.95583 	1.95583 	1.95583 	1.95583 	1.95583 	1.95583 	1.95583 	1.95583 	1.95583 	1.95583 	1.95583 	1.95583 	1.95583 	1.95583 	1.95583 	1.95583 	1.95583 	1.95583 	1.95583 	1.95583 	1.95583 	1.95583 	1.95583 	1.95583 	1.95583 	1.95583 	1.95583 	1.95583 	1.95583 	1.95583 	1.95583 	1.95583 	: 	: 	: 	: 	: 	: 	: 	: 	: 	: 	: 	: 	: 	: 	: 	: 	: 	: 	: 	: 	: 	: 	: 	: 	: 	: 	: 	: 	: 	: 	: 	: 	: 	: 	: 	: 	: 	: 	: 	: 	: 	: 	: 	: 	: 	: 	: 	: 	: 	: 	: 	: 	: 	: 	: 	: 	: 	: 	: 	: 	: 	: 	: 	: 	: 	: 	: 	: 	: 	: 	: 	: 	: 	: 	: 	: 	: 	: 	: 	: 	: 	: 	: 	: 	: 	: 	: 	: 	: 	: 	: 	: 	: 	: 	: 	: 	: 	: 	: 	: 	: 	: 	: 	: 	: 	: 	: 	: 	: 	: 	: 	: 
END,NAC,BGN	1.9558 	1.9558 	1.9558 	1.9558 	1.9558 	1.9558 	1.9558 	1.9558 	1.9558 	1.9558 	1.9558 	1.9558 	1.9558 	1.9558 	1.9558 	1.9558 	1.9558 	1.9558 	1.9558 	1.9558 	1.9558 	1.9558 	1.9558 	1.9558 	1.9558 	1.9558 	1.9558 	1.9558 	1.9558 	1.9558 	1.9558 	1.9558 	1.9558 	1.9558 	1.9558 	1.9558 	1.9558 	1.9558 	1.9558 	1.9558 	1.9558 	1.9558 	1.9558 	1.9558 	1.9558 	1.9558 	1.9558 	1.9558 	1.9558 	1.9558 	1.9558 	1.9558 	1.9558 	1.9558 	1.9558 	1.9563 	1.9559 	1.9559 	1.9559 	1.9559 	1.9559 	1.9559 	1.9464 	1.9557 	1.9489 	1.9462 	1.9508 	1.9546 	1.9469 	1.9517 	1.9504 	1.9463 	1.9475 	1.9474 	1.9473 	1.9543 	1.9482 	1.9558 	1.9558 	1.9558 	1.9558 	1.9558 	1.9558 	1.9558 	1.9624 	1.9781 	1.9864 	1.9763 	1.9661 	1.9453 	1.8427 	0.6098 	0.2878 	0.1933 	0.0989 	0.0929170 	0.0896820 	0.0887160 	0.0886150 	: 	: 	: 	: 	: 	: 	: 	: 	: 	: 	: 	: 	: 	: 	: 	: 	: 	: 	: 	: 	: 	: 	: 	: 	: 	: 	: 	: 	: 	: 	: 	: 	: 	: 	: 	: 	: 	: 	: 	: 	: 	: 	: 	: 	: 	: 	: 	: 	: 	: 	: 	: 	: 	: 	: 	: 	: 	: 	: 	: 	: 	: 	: 	: 	: 	: 	: 	: 	: 	: 	: 	: 	: 	: 	: 	: 	: 	: 	: 	: 	: 	: 	: 	: 	: 	: 	: 	: 	: 	: 	: 	: 	: 	: 	: 	: 
END,NAC,BRL	4.5288 	4.3511 	4.3865 	4.4440 	4.6535 	4.4876 	4.0938 	3.9729 	3.7635 	3.7600 	3.3800 	3.4305 	3.6210 	3.5898 	4.1174 	4.3117 	4.4808 	3.4699 	3.4958 	3.2207 	3.0821 	3.0002 	3.1276 	3.2576 	3.0406 	2.8899 	2.5703 	2.7036 	2.6232 	2.5788 	2.4323 	2.4159 	2.5067 	2.2601 	2.3058 	2.2177 	2.3201 	2.2082 	2.4043 	2.5113 	2.6050 	2.7469 	3.0767 	3.2436 	2.7525 	2.5112 	2.7554 	2.5914 	2.6150 	2.5962 	2.7151 	2.8141 	2.7348 	2.7816 	2.6388 	2.7462 	2.6722 	2.8480 	3.4662 	3.6201 	3.5378 	3.7848 	3.5379 	3.6698 	3.4132 	3.2890 	3.6907 	3.7124 	3.8972 	2.8159 	2.0288 	2.0465 	2.4400 	1.9618 	1.9011 	1.8149 	1.6141 	1.7330 	1.6809 	: 	: 	: 	: 	: 	: 	: 	: 	: 	: 	: 	: 	: 	: 	: 	: 	: 	: 	: 	: 	: 	: 	: 	: 	: 	: 	: 	: 	: 	: 	: 	: 	: 	: 	: 	: 	: 	: 	: 	: 	: 	: 	: 	: 	: 	: 	: 	: 	: 	: 	: 	: 	: 	: 	: 	: 	: 	: 	: 	: 	: 	: 	: 	: 	: 	: 	: 	: 	: 	: 	: 	: 	: 	: 	: 	: 	: 	: 	: 	: 	: 	: 	: 	: 	: 	: 	: 	: 	: 	: 	: 	: 	: 	: 	: 	: 	: 	: 	: 	: 	: 	: 	: 	: 	: 	: 	: 	: 	: 	: 	: 	: 	: 	: 	: 	: 
END,NAC,CAD	1.4426 	1.4893 	1.5000 	1.5605 	1.5064 	1.5442 	1.5895 	1.5039 	1.4687 	1.4785 	1.4265 	1.4188 	1.4690 	1.4384 	1.4738 	1.5116 	1.5034 	1.3839 	1.3738 	1.4063 	1.4058 	1.4589 	1.5225 	1.4671 	1.3912 	1.3714 	1659.4500 	1.3137 	1.2684 	1.2871 	1.3311 	1.3215 	1.4105 	1.3951 	1.3785 	1.3322 	1.4073 	1.2890 	1.3687 	1.5128 	1.5709 	1.6275 	1.6685 	1.6998 	1.4961 	1.5942 	1.6226 	1.4449 	1.4122 	1.4245 	1.5366 	1.5281 	1.4136 	1.4132 	1.4084 	1.3725 	1.4063 	1.4900 	1.5737 	1.6416 	1.5740 	1.6343 	1.5979 	1.6234 	1.5717 	1.5506 	1.6037 	1.6550 	1.5566 	1.5005 	1.3923 	1.4077 	1.4418 	1.2927 	1.3904 	1.3965 	1.3198 	1.4157 	1.3879 	1.4608 	1.5652 	1.5262 	1.6211 	1.8061 	1.7855 	1.6071 	1.5319 	1.5826 	1.5374 	1.5581 	1.5985 	1.7166 	1.7113 	1.7162 	1.7494 	1.7907 	1.7766 	1.8493 	1.8782 	1.7270 	1.6660 	1.6641 	1.5979 	1.4822 	1.5677 	1.4865 	1.5100 	1.5360 	1.7489 	1.6067 	1.4804 	1.5508 	1.3934 	1.2941 	1.3908 	1.5814 	1.5170 	1.4422 	1.4132 	1.3868 	1.3015 	1.2659 	1.3138 	1.3983 	1.3422 	1.3829 	1.5455 	1.6970 	1.4819 	1.5100 	1.5068 	1.4777 	1.4289 	1.3576 	1.3091 	1.2409 	1.1323 	1.0020 	0.9943 	0.9358 	0.9724 	1.0591 	1.0988 	1.0302 	1.0588 	1.0944 	1.1378 	1.1926 	1.1482 	1.2421 	1.2225 	1.2872 	1.2893 	1.2658 	1.4344 	1.5595 	1.6400 	1.6442 	1.5508 	1.6844 	1.6571 	1.5927 	1.5677 	1.6292 	1.5513 	1.3961 	1.4242 	1.3406 	1.2265 	1.2039 	1.1854 	1.1421 	1.0830 	1.0656 	1.1089 	1.1841 	1.1834 	1.3226 	: 	: 	: 	: 	: 	: 	: 	: 	: 	: 	: 	: 	: 	: 	: 	: 	: 
END,NAC,CHF	1.0847 	1.1105 	1.1181 	1.1269 	1.1316 	1.1569 	1.1779 	1.1702 	1.1457 	1.0930 	1.0696 	1.0739 	1.0876 	1.0867 	1.0931 	1.0835 	1.0915 	1.0413 	1.0463 	1.2024 	1.2063 	1.2156 	1.2194 	1.2276 	1.2225 	1.2338 	1.2195 	1.2072 	1.2099 	1.2030 	1.2045 	1.2156 	1.2170 	1.2071 	1.3005 	1.2504 	1.3287 	1.3283 	1.4276 	1.4836 	1.5078 	1.5265 	1.5152 	1.4850 	1.5774 	1.6056 	1.5738 	1.6547 	1.6601 	1.6553 	1.6247 	1.6069 	1.5881 	1.5672 	1.5801 	1.5551 	1.5561 	1.5499 	1.5486 	1.5429 	1.5524 	1.5242 	1.5594 	1.5579 	1.5404 	1.5544 	1.4764 	1.4524 	1.4611 	1.4721 	1.4670 	1.4829 	1.4761 	1.5228 	1.5271 	1.5232 	1.5240 	1.5576 	1.5907 	1.6051 	1.5967 	1.6034 	1.5981 	1.6078 	1.6238 	1.6641 	1.6369 	1.6055 	1.6173 	1.6490 	1.6880 	1.6913 	1.5797 	1.5746 	1.5275 	1.5128 	1.5129 	1.5464 	1.5279 	1.6132 	1.5953 	1.6190 	1.6286 	1.6523 	1.6694 	1.7358 	1.7959 	1.7631 	1.7202 	1.8497 	1.8632 	1.8176 	1.7854 	1.7685 	1.7517 	1.7416 	1.7081 	1.7485 	1.8061 	1.8428 	1.7860 	1.7712 	1.8254 	1.7606 	1.7563 	1.7212 	1.7092 	1.6650 	1.7278 	1.7213 	1.7284 	1.7356 	1.6970 	1.7549 	1.8170 	1.8402 	1.8102 	1.8840 	1.8959 	1.8383 	1.8466 	1.8700 	1.8505 	1.8041 	1.8233 	1.8772 	1.9235 	1.9310 	2.0186 	2.0206 	1.9259 	1.9517 	2.1085 	2.1512 	2.3144 	2.3148 	2.3116 	2.3182 	2.4003 	2.2978 	2.2158 	2.2691 	2.2882 	2.2284 	2.0358 	2.3059 	2.3509 	2.4570 	2.6733 	2.7899 	2.8526 	2.7626 	2.7192 	2.7207 	2.8540 	3.0524 	3.1724 	3.2134 	3.2824 	3.1518 	3.4881 	: 	: 	: 	: 	: 	: 	: 	: 	: 	: 	: 	: 	: 	: 
END,NAC,CNY	7.7784 	7.8185 	7.5397 	7.8751 	7.9662 	7.7170 	7.7468 	7.8044 	7.8534 	7.7385 	7.3642 	7.3202 	7.4463 	7.3755 	7.3514 	7.0608 	7.1206 	6.9366 	6.6710 	7.5358 	7.7262 	8.4722 	8.5754 	8.3491 	8.2645 	8.0280 	7.9600 	8.2207 	8.1261 	8.0011 	8.4089 	8.1588 	8.6207 	9.3416 	9.3036 	8.8220 	9.1321 	8.3215 	9.2006 	9.8350 	9.9958 	9.6545 	9.0942 	9.4956 	9.7954 	10.8051 	11.0874 	10.7524 	10.6429 	10.2816 	10.2951 	10.2793 	10.0066 	10.1648 	9.7038 	9.5204 	9.7444 	10.0079 	10.7303 	11.2741 	10.2726 	10.0615 	10.1178 	10.4539 	9.6444 	9.4581 	9.0178 	8.6801 	8.1611 	8.2563 	7.2209 	7.2945 	7.5577 	7.0189 	7.3102 	7.7017 	7.2548 	7.9095 	7.9070 	: 	: 	: 	: 	: 	: 	: 	: 	: 	: 	: 	: 	: 	: 	: 	: 	: 	: 	: 	: 	: 	: 	: 	: 	: 	: 	: 	: 	: 	: 	: 	: 	: 	: 	: 	: 	: 	: 	: 	: 	: 	: 	: 	: 	: 	: 	: 	: 	: 	: 	: 	: 	: 	: 	: 	: 	: 	: 	: 	: 	: 	: 	: 	: 	: 	: 	: 	: 	: 	: 	: 	: 	: 	: 	: 	: 	: 	: 	: 	: 	: 	: 	: 	: 	: 	: 	: 	: 	: 	: 	: 	: 	: 	: 	: 	: 	: 	: 	: 	: 	: 	: 	: 	: 	: 	: 	: 	: 	: 	: 	: 	: 	: 	: 	: 	: 
END,NAC,CZK	25.816 	25.447 	25.802 	25.724 	25.731 	26.020 	25.425 	25.535 	25.981 	26.197 	27.030 	27.021 	27.021 	27.131 	27.051 	27.023 	27.187 	27.253 	27.533 	27.735 	27.500 	27.453 	27.442 	27.427 	25.730 	25.949 	25.740 	25.151 	25.141 	25.640 	24.730 	25.787 	24.754 	24.345 	24.543 	25.061 	24.600 	25.691 	25.440 	26.473 	25.164 	25.882 	27.388 	26.875 	24.660 	23.893 	25.335 	26.628 	27.532 	28.718 	28.010 	27.485 	28.326 	28.493 	28.595 	29.000 	29.553 	30.030 	29.955 	30.464 	31.660 	31.755 	32.833 	32.410 	31.844 	31.572 	31.947 	31.577 	30.285 	29.267 	31.013 	31.962 	33.912 	33.780 	34.552 	35.047 	35.550 	35.622 	36.223 	36.103 	35.775 	36.418 	38.393 	35.194 	35.481 	36.037 	36.334 	38.027 	36.624 	36.591 	33.925 	34.247 	33.872 	34.580 	34.961 	34.944 	34.715 	35.081 	34.580 	34.501 	34.674 	34.041 	33.951 	33.420 	33.724 	34.416 	34.632 	: 	: 	: 	: 	: 	: 	: 	: 	: 	: 	: 	: 	: 	: 	: 	: 	: 	: 	: 	: 	: 	: 	: 	: 	: 	: 	: 	: 	: 	: 	: 	: 	: 	: 	: 	: 	: 	: 	: 	: 	: 	: 	: 	: 	: 	: 	: 	: 	: 	: 	: 	: 	: 	: 	: 	: 	: 	: 	: 	: 	: 	: 	: 	: 	: 	: 	: 	: 	: 	: 	: 	: 	: 	: 	: 	: 	: 	: 	: 	: 	: 	: 	: 	: 	: 	: 	: 	: 
END,NAC,DKK	7.4662 	7.4636 	7.4652 	7.4673 	7.4564 	7.4525 	7.4530 	7.4449 	7.4423 	7.4366 	7.4379 	7.4344 	7.4513 	7.4393 	7.4512 	7.4626 	7.4598 	7.4604 	7.4697 	7.4453 	7.4431 	7.4557 	7.4659 	7.4593 	7.4580 	7.4588 	7.4553 	7.4610 	7.4555 	7.4334 	7.4399 	7.4342 	7.4417 	7.4587 	7.4567 	7.4535 	7.4519 	7.4488 	7.4447 	7.4418 	7.4443 	7.4470 	7.4482 	7.4506 	7.4611 	7.4579 	7.4568 	7.4583 	7.4544 	7.4422 	7.4508 	7.4560 	7.4576 	7.4592 	7.4624 	7.4605 	7.4624 	7.4515 	7.4495 	7.4388 	7.4416 	7.4326 	7.4448 	7.4450 	7.4256 	7.4299 	7.4264 	7.4288 	7.4274 	7.4292 	7.4336 	7.4365 	7.4367 	7.4444 	7.4627 	7.4631 	7.4570 	7.4610 	7.4460 	7.4433 	7.4332 	7.4341 	7.4317 	7.4488 	7.4625 	7.5345 	7.5709 	7.5280 	7.4877 	7.5011 	7.4378 	7.4466 	7.3703 	7.3803 	7.3114 	7.2954 	7.2957 	7.2647 	7.3493 	7.4823 	7.5341 	7.5440 	7.5838 	7.5531 	7.7095 	7.5387 	7.4508 	7.5748 	7.6345 	7.8758 	7.9267 	7.9294 	7.8985 	7.9316 	7.8933 	7.8826 	7.8624 	7.8490 	7.8060 	7.8816 	8.0460 	8.0463 	8.1013 	8.0298 	7.9620 	7.8807 	7.9548 	7.9446 	7.9849 	7.8626 	7.8308 	7.8619 	7.8944 	7.9696 	8.0208 	7.9567 	8.0495 	8.0661 	7.9942 	7.9880 	8.0876 	8.1997 	8.1835 	8.1827 	8.1662 	8.1441 	7.9612 	8.1149 	8.2311 	8.1753 	8.1914 	7.9408 	7.8010 	7.9288 	7.9928 	7.8872 	7.8215 	7.7948 	7.8578 	7.7170 	7.2691 	7.2453 	7.0181 	6.9911 	7.0501 	7.0196 	7.0053 	7.0797 	7.0312 	6.8371 	6.5656 	6.5396 	6.5199 	6.7731 	6.8476 	7.1970 	7.1755 	7.0377 	7.0921 	7.1307 	7.2649 	: 	: 	: 	: 	: 	: 	: 	: 	: 	: 	: 	: 	: 	: 
END,NAC,GBP	0.88573 	0.89655 	0.85830 	0.89453 	0.88730 	0.88605 	0.87490 	0.88723 	0.88178 	0.87933 	0.85553 	0.85618 	0.86103 	0.82650 	0.79155 	0.73395 	0.73850 	0.71140 	0.72730 	0.77890 	0.77730 	0.80150 	0.82820 	0.83370 	0.83605 	0.85720 	0.84560 	0.81610 	0.79805 	0.80680 	0.83390 	0.83530 	0.86665 	0.90255 	0.88370 	0.86075 	0.85995 	0.81745 	0.88980 	0.88810 	0.90930 	0.85210 	0.93080 	0.95250 	0.79030 	0.79225 	0.79580 	0.73335 	0.69680 	0.67400 	0.67980 	0.67150 	0.67770 	0.69210 	0.69640 	0.68530 	0.68195 	0.67420 	0.68850 	0.70505 	0.68680 	0.67075 	0.66590 	0.70480 	0.69860 	0.69320 	0.68960 	0.65050 	0.62950 	0.64980 	0.61300 	0.60850 	0.62200 	0.60310 	0.61920 	0.62410 	0.59670 	0.63230 	0.59850 	0.62170 	0.64750 	0.65630 	0.66630 	0.70546 	0.68994 	0.65713 	0.63921 	0.66675 	0.68959 	0.67857 	0.71390 	0.73727 	0.80398 	0.81198 	0.84136 	0.84724 	0.83447 	0.84198 	0.82961 	0.78707 	0.78544 	0.78166 	0.77754 	0.75511 	0.78012 	0.76957 	0.79881 	0.79822 	0.78738 	0.70646 	0.71474 	0.71612 	0.70286 	0.69884 	0.69195 	0.70784 	0.70176 	0.70843 	0.73446 	0.74278 	0.68077 	0.68345 	0.65108 	0.64855 	0.65494 	0.66763 	0.66511 	0.69679 	0.69389 	0.70403 	0.71596 	0.72494 	0.71252 	0.63749 	0.63208 	0.61533 	0.58953 	0.56775 	0.58402 	0.60985 	0.59271 	0.59393 	0.59764 	0.57060 	0.57483 	0.58343 	0.62473 	0.60029 	0.54977 	0.55210 	0.55831 	0.56652 	0.58965 	0.54412 	0.53907 	0.54911 	0.58587 	0.60610 	0.60055 	0.64690 	0.64954 	0.62980 	0.65313 	0.67527 	0.66686 	0.66845 	0.67814 	0.64165 	0.65411 	0.65903 	0.65230 	0.66265 	0.66288 	0.61827 	0.58772 	0.57597 	0.56462 	0.58394 	0.53863 	0.53528 	0.50723 	: 	: 	: 	: 	: 	: 	: 	: 	: 	: 	: 	: 	: 	: 
END,NAC,HKD	8.5368 	8.8866 	8.8195 	8.9675 	9.0579 	9.1468 	9.6696 	9.3720 	9.2214 	8.9068 	8.3074 	8.1751 	8.6547 	8.6135 	8.8282 	8.4376 	8.6824 	8.6740 	8.3422 	9.4170 	9.7740 	10.5858 	10.6973 	10.6933 	10.4722 	10.1477 	9.9420 	10.2260 	10.0258 	9.7658 	10.3705 	10.0510 	10.5213 	11.2475 	11.0559 	10.3856 	10.5918 	9.5549 	10.4653 	11.1709 	11.3485 	10.9540 	10.3140 	10.7858 	11.1124 	12.2943 	12.3075 	11.4800 	11.0055 	10.5569 	10.4070 	10.2409 	9.8640 	9.8745 	9.3923 	9.1474 	9.3412 	9.3990 	10.1110 	10.5881 	9.6745 	9.4803 	9.5228 	9.8049 	9.0254 	8.9110 	8.4975 	8.1781 	7.6905 	7.7805 	6.8044 	6.8723 	7.1217 	6.6143 	6.8882 	7.2578 	6.8302 	7.4456 	7.4357 	7.8033 	8.2833 	8.0116 	8.3226 	: 	: 	: 	: 	: 	: 	: 	: 	: 	: 	: 	: 	: 	: 	: 	: 	: 	: 	: 	: 	: 	: 	: 	: 	: 	: 	: 	: 	: 	: 	: 	: 	: 	: 	: 	: 	: 	: 	: 	: 	: 	: 	: 	: 	: 	: 	: 	: 	: 	: 	: 	: 	: 	: 	: 	: 	: 	: 	: 	: 	: 	: 	: 	: 	: 	: 	: 	: 	: 	: 	: 	: 	: 	: 	: 	: 	: 	: 	: 	: 	: 	: 	: 	: 	: 	: 	: 	: 	: 	: 	: 	: 	: 	: 	: 	: 	: 	: 	: 	: 	: 	: 	: 	: 	: 	: 	: 	: 	: 	: 	: 	: 
END,NAC,HRK	7.41100 	7.39730 	7.43380 	7.41250 	7.43460 	7.38600 	7.43230 	7.44000 	7.49500 	7.41030 	7.44650 	7.55970 	7.52200 	7.52810 	7.52550 	7.63800 	7.64450 	7.59480 	7.64500 	7.65800 	7.64250 	7.57600 	7.64750 	7.62650 	7.61530 	7.44950 	7.59400 	7.55750 	7.44680 	7.51780 	7.51250 	7.53700 	7.49950 	7.40180 	7.37780 	7.38300 	7.30580 	7.19800 	7.26380 	7.30000 	7.25800 	7.27300 	7.47690 	7.35550 	7.10490 	7.23650 	7.26900 	7.33080 	7.27730 	7.30350 	7.40500 	7.35040 	7.38950 	7.24450 	7.34200 	7.37150 	7.43300 	7.31300 	7.41700 	7.66500 	7.58120 	7.34500 	7.47400 	7.64510 	7.54400 	7.49660 	7.66450 	7.47500 	7.35300 	7.32330 	7.41000 	7.34900 	7.56000 	7.35000 	7.67760 	7.58000 	7.52250 	7.63040 	7.74450 	7.70120 	7.71520 	7.56650 	7.66190 	7.33390 	7.26910 	7.24600 	6.97750 	6.92080 	6.91910 	6.94720 	6.95880 	6.94940 	6.77100 	6.80640 	6.89520 	6.77820 	6.80410 	6.70970 	6.63330 	6.94370 	7.06030 	7.08270 	7.09350 	7.30010 	6.89370 	3.66990 	1.87490 	0.96100 	0.46710 	0.29720 	0.13690 	: 	: 	: 	: 	: 	: 	: 	: 	: 	: 	: 	: 	: 	: 	: 	: 	: 	: 	: 	: 	: 	: 	: 	: 	: 	: 	: 	: 	: 	: 	: 	: 	: 	: 	: 	: 	: 	: 	: 	: 	: 	: 	: 	: 	: 	: 	: 	: 	: 	: 	: 	: 	: 	: 	: 	: 	: 	: 	: 	: 	: 	: 	: 	: 	: 	: 	: 	: 	: 	: 	: 	: 	: 	: 	: 	: 	: 	: 	: 	: 	: 	: 	: 	: 
END,NAC,HUF	334.83 	323.39 	321.05 	320.98 	324.37 	329.77 	312.13 	310.33 	310.67 	308.97 	307.62 	309.83 	309.79 	317.06 	314.12 	315.98 	313.45 	314.93 	299.43 	315.54 	310.57 	309.30 	307.18 	297.04 	298.15 	294.85 	304.42 	292.30 	284.89 	287.77 	294.92 	314.58 	292.55 	266.11 	265.72 	277.95 	275.75 	286.00 	265.75 	270.42 	269.70 	271.55 	308.18 	266.70 	242.83 	235.43 	259.43 	253.73 	250.69 	246.15 	247.80 	251.77 	273.00 	283.35 	265.74 	252.87 	249.61 	247.24 	247.20 	245.97 	247.41 	251.60 	249.25 	262.50 	254.96 	266.61 	246.35 	236.29 	243.80 	244.93 	243.54 	245.18 	257.35 	243.63 	266.72 	265.00 	263.75 	260.15 	258.38 	254.70 	257.69 	249.64 	254.82 	252.39 	256.44 	240.12 	229.44 	224.71 	217.67 	211.28 	205.36 	206.91 	198.87 	192.41 	188.31 	183.30 	174.70 	169.00 	160.35 	136.73 	133.88 	122.93 	118.23 	112.35 	114.32 	106.38 	106.11 	101.68 	107.38 	105.01 	99.53 	101.40 	92.50 	87.60 	89.87 	83.77 	82.04 	79.66 	79.22 	74.38 	66.19 	65.57 	62.95 	61.72 	59.98 	57.24 	59.56 	: 	: 	: 	: 	: 	: 	: 	: 	: 	: 	: 	: 	: 	: 	: 	: 	: 	: 	: 	: 	: 	: 	: 	: 	: 	: 	: 	: 	: 	: 	: 	: 	: 	: 	: 	: 	: 	: 	: 	: 	: 	: 	: 	: 	: 	: 	: 	: 	: 	: 	: 	: 	: 	: 	: 	: 	: 	: 	: 	: 	: 	: 	: 	: 	: 	: 	: 	: 
END,NAC,IDR	15456.94 	16083.35 	15998.64 	16500.00 	17249.98 	16654.04 	16933.98 	16239.12 	15888.51 	15209.34 	14237.94 	14173.43 	14566.22 	14601.70 	15024.84 	15039.99 	16347.81 	14938.43 	14053.78 	15076.10 	15366.97 	16248.15 	15663.17 	16764.78 	15425.27 	12980.41 	12447.96 	12713.97 	12380.86 	11878.51 	12245.24 	11731.47 	12253.97 	12397.41 	12366.75 	12002.14 	12173.44 	11121.85 	12227.26 	13626.13 	14130.03 	14427.58 	15570.36 	15239.12 	13487.73 	14550.17 	14570.76 	13826.70 	12966.70 	12201.77 	12152.68 	11844.44 	11678.85 	11776.05 	10972.28 	11596.45 	12391.22 	11804.82 	12274.89 	12653.91 	11367.10 	11426.17 	10470.16 	10643.10 	9784.38 	9451.79 	9698.19 	9387.21 	8868.54 	8692.09 	8570.35 	9227.43 	8874.74 	9659.29 	9188.24 	9077.75 	7686.90 	8359.72 	7262.40 	7052.77 	8959.03 	6883.62 	9344.25 	: 	: 	: 	: 	: 	: 	: 	: 	: 	: 	: 	: 	: 	: 	: 	: 	: 	: 	: 	: 	: 	: 	: 	: 	: 	: 	: 	: 	: 	: 	: 	: 	: 	: 	: 	: 	: 	: 	: 	: 	: 	: 	: 	: 	: 	: 	: 	: 	: 	: 	: 	: 	: 	: 	: 	: 	: 	: 	: 	: 	: 	: 	: 	: 	: 	: 	: 	: 	: 	: 	: 	: 	: 	: 	: 	: 	: 	: 	: 	: 	: 	: 	: 	: 	: 	: 	: 	: 	: 	: 	: 	: 	: 	: 	: 	: 	: 	: 	: 	: 	: 	: 	: 	: 	: 	: 	: 	: 	: 	: 	: 	: 
END,NAC,ILS	3.7877 	4.0607 	4.0764 	4.2972 	4.2118 	4.2627 	4.3262 	4.1635 	4.1591 	3.9888 	3.8853 	4.0477 	4.1996 	4.2761 	4.2950 	4.2481 	4.4001 	4.2211 	4.2795 	4.7200 	4.6474 	4.6960 	4.8095 	4.7880 	4.7734 	4.7386 	4.6679 	4.9258 	5.0603 	4.9453 	4.9570 	4.9453 	5.0582 	4.9439 	4.9439 	4.7321 	4.9517 	4.7639 	4.9903 	5.4524 	5.5034 	5.5142 	5.5756 	5.2919 	4.9497 	5.2764 	5.6214 	5.6539 	5.6979 	5.7279 	5.5515 	5.5677 	5.4544 	5.6547 	5.6513 	5.4334 	5.5427 	5.5315 	5.6506 	5.8922 	5.5601 	5.4678 	5.5183 	5.5424 	5.1716 	4.9392 	5.1108 	4.9708 	4.8117 	4.7431 	4.1046 	3.8746 	3.9780 	3.5362 	3.7112 	3.7620 	3.5270 	3.9017 	3.8383 	: 	: 	: 	: 	: 	: 	: 	: 	: 	: 	: 	: 	: 	: 	: 	: 	: 	: 	: 	: 	: 	: 	: 	: 	: 	: 	: 	: 	: 	: 	: 	: 	: 	: 	: 	: 	: 	: 	: 	: 	: 	: 	: 	: 	: 	: 	: 	: 	: 	: 	: 	: 	: 	: 	: 	: 	: 	: 	: 	: 	: 	: 	: 	: 	: 	: 	: 	: 	: 	: 	: 	: 	: 	: 	: 	: 	: 	: 	: 	: 	: 	: 	: 	: 	: 	: 	: 	: 	: 	: 	: 	: 	: 	: 	: 	: 	: 	: 	: 	: 	: 	: 	: 	: 	: 	: 	: 	: 	: 	: 	: 	: 	: 	: 	: 	: 
END,NAC,INR	77.1615 	78.5240 	77.7190 	79.7298 	83.9160 	79.8130 	80.2960 	76.6055 	77.0690 	73.7445 	69.3965 	71.5935 	74.3655 	74.9603 	75.4298 	72.0215 	73.4805 	71.1873 	67.2738 	76.7190 	77.8564 	82.2023 	82.5784 	85.3660 	84.8440 	77.7210 	69.5660 	72.5600 	68.3480 	70.1200 	68.0420 	68.7130 	66.1190 	64.5620 	63.3450 	59.7580 	61.2470 	56.9930 	60.5140 	67.0400 	70.0010 	67.5180 	67.3920 	67.4370 	66.4750 	67.6730 	63.2800 	57.8620 	56.3640 	54.9490 	57.6320 	58.2180 	58.0570 	58.4230 	53.9920 	53.1130 	52.8950 	52.6340 	56.6830 	59.2590 	56.8850 	55.8790 	53.1860 	57.5780 	53.2990 	53.0420 	51.7290 	50.2930 	47.6760 	48.7430 	42.5510 	42.4950 	43.7570 	39.8920 	41.1840 	43.4290 	40.3240 	42.6840 	41.6540 	: 	: 	: 	: 	: 	: 	: 	: 	: 	: 	: 	: 	: 	: 	: 	: 	: 	: 	: 	: 	: 	: 	: 	: 	: 	: 	: 	: 	: 	: 	: 	: 	: 	: 	: 	: 	: 	: 	: 	: 	: 	: 	: 	: 	: 	: 	: 	: 	: 	: 	: 	: 	: 	: 	: 	: 	: 	: 	: 	: 	: 	: 	: 	: 	: 	: 	: 	: 	: 	: 	: 	: 	: 	: 	: 	: 	: 	: 	: 	: 	: 	: 	: 	: 	: 	: 	: 	: 	: 	: 	: 	: 	: 	: 	: 	: 	: 	: 	: 	: 	: 	: 	: 	: 	: 	: 	: 	: 	: 	: 	: 	: 	: 	: 	: 	: 
END,NAC,ISK	135.10 	141.70 	137.50 	133.20 	128.70 	123.40 	121.50 	125.05 	124.55 	117.83 	120.77 	119.13 	127.88 	136.75 	140.58 	141.32 	142.77 	147.25 	147.25 	154.27 	152.70 	154.07 	155.41 	158.50 	163.39 	161.10 	159.40 	169.80 	159.97 	158.23 	168.73 	158.84 	159.45 	165.72 	162.07 	153.80 	154.87 	156.75 	172.51 	179.88 	181.61 	179.41 	163.08 	0.00 	145.91 	125.42 	119.58 	91.90 	87.87 	84.26 	87.69 	93.13 	88.67 	97.01 	86.06 	74.57 	74.12 	78.71 	78.64 	83.60 	87.85 	88.33 	88.27 	89.46 	89.08 	87.61 	83.58 	84.74 	85.48 	86.18 	87.23 	91.48 	92.39 	88.92 	80.84 	78.80 	72.92 	73.10 	70.35 	72.83 	76.37 	77.03 	78.10 	81.30 	81.37 	78.69 	78.41 	79.70 	79.31 	79.77 	82.37 	83.89 	84.48 	84.38 	84.98 	85.73 	85.07 	84.40 	84.81 	84.39 	84.03 	83.35 	82.78 	80.94 	81.45 	82.13 	77.02 	77.40 	75.24 	74.54 	73.62 	74.0478 	72.5175 	71.6739 	73.5025 	75.1224 	74.3482 	73.5189 	73.2653 	72.2005 	65.6350 	60.7511 	58.6320 	54.1104 	51.9360 	52.6834 	48.3324 	45.9937 	44.4872 	44.3810 	44.3299 	42.4755 	41.6716 	39.7739 	39.3922 	36.6046 	32.8221 	30.5031 	28.2225 	28.8517 	24.4538 	24.2065 	24.8435 	23.4887 	23.8404 	24.3786 	19.3563 	15.6734 	13.5987 	10.9088 	10.1113 	8.87403 	8.22984 	7.76498 	7.87163 	7.72028 	7.25487 	6.57729 	5.56591 	5.60604 	5.30250 	4.56525 	4.39318 	4.24164 	3.98557 	3.20480 	3.17870 	2.54365 	2.35455 	2.18466 	2.14769 	2.13037 	2.06452 	2.02194 	1.97184 	1.98197 	1.90783 	1.99633 	1.95778 	1.45629 	1.39480 	: 	: 	: 	: 	: 	: 	: 	: 	: 	: 	: 	: 	: 	: 
END,NAC,JPY	117.59 	122.60 	124.45 	125.85 	131.23 	129.04 	131.15 	135.01 	132.82 	127.75 	119.55 	123.40 	113.09 	114.05 	127.90 	131.07 	134.69 	137.01 	128.95 	145.23 	138.11 	138.44 	142.42 	144.72 	131.78 	129.39 	120.87 	113.61 	100.37 	100.13 	109.56 	100.20 	103.79 	116.25 	117.61 	108.65 	113.68 	108.79 	125.93 	133.16 	131.07 	135.51 	131.17 	126.14 	150.47 	166.44 	157.37 	164.93 	163.55 	166.63 	157.32 	156.93 	149.34 	145.75 	142.42 	138.90 	136.25 	133.95 	138.44 	139.65 	137.17 	132.40 	126.97 	135.05 	128.80 	137.32 	129.18 	124.39 	119.67 	118.20 	115.51 	115.33 	109.02 	105.37 	110.74 	106.92 	94.94 	100.57 	98.53 	102.73 	112.67 	124.82 	127.81 	132.80 	158.66 	152.24 	142.94 	143.68 	134.87 	129.31 	143.58 	145.85 	140.18 	138.06 	136.67 	135.59 	130.23 	113.95 	116.80 	122.66 	122.26 	119.21 	118.75 	124.73 	123.84 	122.57 	138.08 	151.06 	167.20 	168.99 	165.42 	167.55 	163.55 	156.47 	168.57 	184.93 	181.86 	187.94 	190.08 	171.89 	153.96 	152.28 	145.77 	146.46 	148.59 	152.21 	155.22 	158.29 	165.10 	166.52 	167.73 	171.05 	159.07 	160.18 	168.05 	178.21 	179.08 	183.11 	182.21 	178.05 	181.08 	190.52 	193.01 	191.74 	202.43 	213.76 	220.79 	227.16 	249.58 	245.14 	245.86 	238.30 	248.03 	238.32 	253.97 	265.46 	295.35 	311.69 	325.99 	344.49 	319.30 	296.77 	283.46 	265.57 	248.37 	254.35 	280.24 	293.05 	301.12 	302.62 	311.03 	330.70 	318.90 	328.10 	337.07 	354.31 	348.75 	377.28 	: 	: 	: 	: 	: 	: 	: 	: 	: 	: 	: 	: 	: 	: 	: 	: 	: 
END,NAC,KRW	1304.83 	1315.35 	1276.46 	1277.93 	1285.75 	1296.72 	1310.89 	1279.61 	1351.83 	1304.56 	1194.54 	1269.36 	1229.76 	1278.48 	1294.88 	1280.78 	1328.27 	1251.27 	1192.58 	1324.80 	1330.34 	1382.04 	1465.98 	1450.93 	1451.84 	1494.24 	1425.03 	1406.23 	1439.33 	1441.00 	1512.98 	1498.69 	1594.92 	1543.19 	1554.51 	1499.06 	1550.65 	1499.59 	1525.11 	1666.97 	1723.95 	1802.43 	1840.63 	1839.13 	1726.30 	1652.22 	1566.97 	1377.96 	1297.59 	1247.73 	1253.02 	1224.81 	1198.02 	1206.08 	1176.09 	1184.42 	1254.96 	1239.85 	1316.49 	1410.05 	1429.39 	1404.45 	1401.42 	1506.32 	1340.15 	1364.38 	1366.78 	1243.76 	1204.89 	1188.32 	1153.31 	1161.55 	1190.68 	1102.82 	1175.54 	1177.08 	976.87 	1064.68 	1056.06 	1137.28 	1297.46 	1195.47 	1317.86 	1403.02 	1629.38 	1504.66 	1490.51 	1871.64 	: 	: 	: 	: 	: 	: 	: 	: 	: 	: 	: 	: 	: 	: 	: 	: 	: 	: 	: 	: 	: 	: 	: 	: 	: 	: 	: 	: 	: 	: 	: 	: 	: 	: 	: 	: 	: 	: 	: 	: 	: 	: 	: 	: 	: 	: 	: 	: 	: 	: 	: 	: 	: 	: 	: 	: 	: 	: 	: 	: 	: 	: 	: 	: 	: 	: 	: 	: 	: 	: 	: 	: 	: 	: 	: 	: 	: 	: 	: 	: 	: 	: 	: 	: 	: 	: 	: 	: 	: 	: 	: 	: 	: 	: 	: 	: 	: 	: 	: 	: 	: 	: 	: 	: 	: 	: 	: 
END,NAC,MKD	61.4950 	61.5752 	61.5449 	61.4950 	61.4950 	61.4919 	61.4943 	61.4950 	61.4686 	61.7033 	61.6939 	61.4791 	61.4940 	61.6949 	61.6942 	61.5947 	61.6947 	61.6958 	61.6065 	61.4814 	61.6534 	61.6850 	61.7010 	61.5113 	61.5004 	61.6625 	61.6294 	61.5000 	61.5108 	61.6160 	61.5096 	61.4994 	61.5040 	61.6200 	61.5162 	61.5050 	61.6363 	61.5467 	61.5200 	61.1732 	61.1741 	61.1642 	61.4135 	61.4123 	61.1689 	61.1741 	61.2664 	61.2016 	61.1940 	61.1708 	61.1670 	61.1940 	61.1969 	61.1741 	61.1655 	61.1702 	61.2264 	61.3035 	61.4229 	61.3100 	61.4428 	61.3126 	61.2966 	61.2931 	61.1635 	61.2818 	61.2277 	61.0707 	60.9918 	60.9657 	60.9506 	60.9610 	60.9433 	60.9564 	60.8766 	60.7868 	60.7640 	60.7498 	60.6876 	60.6173 	60.6187 	60.6422 	60.6131 	60.9144 	60.9611 	61.3381 	61.4662 	61.1631 	60.6901 	52.2416 	51.8250 	51.2971 	50.8406 	50.3619 	49.2863 	48.6655 	49.0340 	48.7398 	48.6956 	49.7911 	49.2941 	51.2161 	52.9724 	: 	: 	: 	: 	: 	: 	: 	: 	: 	: 	: 	: 	: 	: 	: 	: 	: 	: 	: 	: 	: 	: 	: 	: 	: 	: 	: 	: 	: 	: 	: 	: 	: 	: 	: 	: 	: 	: 	: 	: 	: 	: 	: 	: 	: 	: 	: 	: 	: 	: 	: 	: 	: 	: 	: 	: 	: 	: 	: 	: 	: 	: 	: 	: 	: 	: 	: 	: 	: 	: 	: 	: 	: 	: 	: 	: 	: 	: 	: 	: 	: 	: 	: 	: 	: 	: 	: 	: 	: 	: 	: 	: 
END,NAC,MXN	21.4522 	21.8201 	21.6910 	22.4921 	21.7800 	22.8817 	22.5249 	23.6612 	21.4614 	20.5839 	20.0175 	21.7719 	21.7389 	20.6347 	19.5903 	18.9145 	18.9768 	17.5332 	16.5124 	17.8679 	16.9977 	17.7124 	18.0147 	18.0731 	17.8462 	17.0413 	15.8146 	17.1845 	16.6086 	16.8755 	17.0222 	18.0512 	18.5936 	16.9765 	16.9276 	16.5475 	17.1258 	15.7363 	16.6573 	18.9223 	19.7454 	18.5537 	18.7623 	19.2333 	15.7126 	16.2298 	16.8983 	16.0732 	15.4901 	14.5956 	14.6566 	14.2899 	13.9283 	14.3818 	13.2164 	12.5945 	12.9878 	13.0000 	14.5086 	15.2235 	14.1578 	14.0257 	13.6662 	14.1807 	12.8045 	11.8925 	11.7443 	10.9605 	10.0922 	9.9665 	7.8427 	8.0466 	8.6805 	7.6969 	8.3929 	8.9255 	8.2914 	9.4245 	8.8773 	9.5320 	9.9917 	9.7374 	10.2562 	11.5392 	11.9423 	9.8641 	9.1682 	8.9003 	8.6488 	8.9841 	9.2140 	9.8692 	9.4884 	9.5361 	9.6691 	10.1977 	8.3783 	: 	: 	: 	: 	: 	: 	: 	: 	: 	: 	: 	: 	: 	: 	: 	: 	: 	: 	: 	: 	: 	: 	: 	: 	: 	: 	: 	: 	: 	: 	: 	: 	: 	: 	: 	: 	: 	: 	: 	: 	: 	: 	: 	: 	: 	: 	: 	: 	: 	: 	: 	: 	: 	: 	: 	: 	: 	: 	: 	: 	: 	: 	: 	: 	: 	: 	: 	: 	: 	: 	: 	: 	: 	: 	: 	: 	: 	: 	: 	: 	: 	: 	: 	: 	: 	: 	: 	: 	: 	: 	: 	: 	: 	: 	: 	: 	: 	: 
END,NAC,MYR	4.5592 	4.7082 	4.5838 	4.7317 	4.7890 	4.7080 	4.7658 	4.8536 	4.9827 	4.8986 	4.7313 	4.7287 	4.6148 	4.4301 	4.4078 	4.6959 	4.9237 	4.2185 	3.9873 	4.2473 	4.1314 	4.3856 	4.4976 	4.5221 	4.4103 	4.1340 	3.9650 	4.0347 	3.9596 	3.9960 	4.0916 	4.1055 	4.3112 	4.3626 	4.2983 	4.0950 	4.2101 	3.9730 	4.3968 	4.9326 	5.0679 	4.9681 	4.8514 	4.8048 	4.9238 	5.1509 	5.0575 	4.8682 	4.8315 	4.6626 	4.6047 	4.6490 	4.6684 	4.6714 	4.4580 	4.4584 	4.5389 	4.5960 	4.9250 	5.1802 	4.7164 	4.6189 	4.6461 	4.8019 	4.4289 	4.3431 	4.1401 	3.9857 	3.7470 	3.7909 	3.3148 	3.3475 	3.4749 	3.2226 	3.3543 	3.5380 	3.3288 	3.6295 	3.6288 	3.8148 	4.0529 	3.9239 	4.0814 	: 	: 	: 	: 	: 	: 	: 	: 	: 	: 	: 	: 	: 	: 	: 	: 	: 	: 	: 	: 	: 	: 	: 	: 	: 	: 	: 	: 	: 	: 	: 	: 	: 	: 	: 	: 	: 	: 	: 	: 	: 	: 	: 	: 	: 	: 	: 	: 	: 	: 	: 	: 	: 	: 	: 	: 	: 	: 	: 	: 	: 	: 	: 	: 	: 	: 	: 	: 	: 	: 	: 	: 	: 	: 	: 	: 	: 	: 	: 	: 	: 	: 	: 	: 	: 	: 	: 	: 	: 	: 	: 	: 	: 	: 	: 	: 	: 	: 	: 	: 	: 	: 	: 	: 	: 	: 	: 	: 	: 	: 	: 	: 
END,NAC,NOK	9.8953 	9.6938 	9.6590 	9.9483 	9.4665 	9.5115 	9.6770 	9.8403 	9.4125 	9.5713 	9.1683 	9.0863 	8.9865 	9.3008 	9.4145 	9.6030 	9.5245 	8.7910 	8.7035 	9.0420 	8.1190 	8.4035 	8.2550 	8.3630 	8.1140 	7.8845 	7.5120 	7.3483 	7.3695 	7.5330 	7.6040 	7.7540 	7.8880 	7.7875 	7.8330 	7.8000 	7.9680 	7.9725 	8.0135 	8.3000 	8.4600 	9.0180 	8.8900 	9.7500 	8.3330 	8.0090 	8.0510 	7.9580 	7.7185 	7.9725 	8.1190 	8.2380 	8.2350 	7.9360 	7.9675 	7.9850 	7.8770 	7.9155 	8.2060 	8.2365 	8.3410 	8.4365 	8.4360 	8.4141 	8.1840 	8.2935 	7.8995 	7.2756 	7.3415 	7.4305 	7.7030 	7.9515 	8.1100 	7.8865 	8.0570 	8.2335 	8.0255 	8.1850 	8.0885 	8.0765 	8.2810 	8.1045 	8.3475 	8.8714 	8.6826 	8.4028 	8.1897 	8.1138 	7.8945 	8.2780 	7.7222 	8.0605 	8.1791 	8.1761 	8.2266 	8.3119 	8.2675 	8.2921 	8.2976 	8.3175 	8.4059 	8.3785 	8.3991 	8.3876 	8.3393 	8.2887 	8.2526 	8.3849 	8.0042 	8.0221 	8.0200 	8.0167 	8.0125 	8.0076 	8.0004 	8.0230 	7.9782 	7.9256 	7.9201 	7.8930 	7.6200 	7.5544 	7.5648 	7.6863 	7.6384 	7.5595 	7.8171 	8.1238 	7.5822 	7.6044 	7.8250 	7.9181 	7.5999 	7.3381 	6.7843 	6.7349 	6.5961 	6.4767 	6.4676 	6.4425 	6.4675 	6.4243 	6.4513 	6.3811 	6.3061 	6.5032 	6.6605 	6.8259 	6.4848 	6.0171 	6.0801 	6.2994 	6.3283 	6.3465 	6.4941 	6.7642 	6.8121 	6.9167 	6.7523 	7.0855 	6.9643 	6.9642 	6.9032 	6.9084 	6.7594 	6.7176 	6.7088 	6.3200 	6.2838 	6.0269 	5.8737 	5.8436 	5.9086 	6.1234 	6.2096 	6.4529 	6.5776 	6.3363 	6.3797 	6.5250 	6.5524 	: 	: 	: 	: 	: 	: 	: 	: 	: 	: 	: 	: 	: 	: 
END,NAC,NZD	1.7375 	1.6960 	1.6500 	1.7056 	1.7505 	1.7247 	1.7098 	1.6850 	1.6354 	1.5554 	1.5309 	1.5158 	1.5369 	1.5616 	1.6411 	1.5923 	1.7568 	1.6548 	1.4388 	1.5525 	1.6209 	1.5626 	1.5952 	1.6762 	1.6296 	1.6792 	1.5308 	1.6045 	1.5536 	1.5746 	1.6254 	1.6737 	1.7660 	1.7468 	1.8598 	1.7200 	1.8436 	1.7761 	1.9024 	1.9803 	2.0287 	2.1656 	2.3288 	2.4191 	2.1143 	2.0632 	2.0079 	1.9024 	1.8737 	1.7502 	1.8644 	1.8725 	1.9427 	2.0864 	1.9774 	1.7270 	1.7414 	1.7387 	1.8237 	1.8871 	1.8414 	1.9210 	1.8365 	1.9244 	1.9538 	1.9569 	1.9721 	1.9975 	2.0936 	2.0397 	1.9825 	2.1215 	2.2395 	2.1045 	2.1962 	2.1120 	2.1510 	2.0310 	1.9328 	1.9357 	2.0649 	1.9404 	2.0243 	2.2089 	2.3338 	2.1181 	1.9426 	1.8943 	1.7369 	1.6684 	1.6740 	1.7700 	1.7941 	1.8350 	1.8881 	2.0105 	2.0022 	2.0089 	2.0581 	1.9198 	2.0591 	2.0214 	2.0527 	1.9976 	2.1363 	2.1613 	2.2580 	2.3535 	2.6033 	2.4652 	2.2718 	2.4809 	2.1682 	1.9658 	2.0446 	2.3205 	2.1337 	2.0982 	2.0826 	2.0134 	1.8685 	1.8466 	1.7906 	1.8612 	1.8028 	1.6954 	1.9110 	1.9772 	1.7353 	1.9086 	2.0159 	2.0292 	2.1055 	1.7786 	1.7535 	1.7705 	1.5063 	1.5201 	1.5603 	1.4878 	1.5093 	1.2680 	1.2940 	1.2610 	1.3062 	1.3615 	1.4158 	1.3225 	1.2965 	1.2927 	1.2978 	1.3166 	1.3002 	: 	: 	: 	: 	: 	: 	: 	: 	: 	: 	: 	: 	: 	: 	: 	: 	: 	: 	: 	: 	: 	: 	: 	: 	: 	: 	: 	: 	: 	: 	: 	: 	: 	: 	: 	: 	: 	: 	: 	: 	: 	: 
END,NAC,PHP	56.553 	58.335 	59.075 	60.113 	62.648 	62.174 	64.374 	59.795 	60.050 	57.575 	53.658 	52.268 	54.015 	52.241 	52.284 	50.999 	52.347 	50.474 	48.057 	54.436 	56.597 	59.652 	61.726 	61.289 	58.765 	56.445 	52.296 	54.107 	53.961 	53.055 	57.281 	56.754 	59.039 	62.619 	61.559 	58.300 	59.869 	56.873 	60.920 	66.507 	69.318 	67.865 	64.320 	65.930 	67.300 	70.867 	65.715 	60.724 	63.841 	62.461 	64.200 	64.546 	63.490 	67.519 	61.888 	62.719 	67.465 	67.685 	71.199 	76.510 	69.835 	68.220 	68.646 	70.171 	63.957 	61.037 	58.316 	56.318 	51.694 	50.204 	44.514 	45.437 	46.957 	44.459 	43.738 	46.562 	40.441 	41.263 	39.287 	40.407 	43.681 	39.239 	41.647 	: 	: 	: 	: 	: 	: 	: 	: 	: 	: 	: 	: 	: 	: 	: 	: 	: 	: 	: 	: 	: 	: 	: 	: 	: 	: 	: 	: 	: 	: 	: 	: 	: 	: 	: 	: 	: 	: 	: 	: 	: 	: 	: 	: 	: 	: 	: 	: 	: 	: 	: 	: 	: 	: 	: 	: 	: 	: 	: 	: 	: 	: 	: 	: 	: 	: 	: 	: 	: 	: 	: 	: 	: 	: 	: 	: 	: 	: 	: 	: 	: 	: 	: 	: 	: 	: 	: 	: 	: 	: 	: 	: 	: 	: 	: 	: 	: 	: 	: 	: 	: 	: 	: 	: 	: 	: 	: 	: 	: 	: 	: 	: 
END,NAC,PLN	4.3782 	4.2496 	4.3006 	4.3014 	4.2774 	4.3732 	4.2106 	4.1770 	4.3042 	4.2259 	4.2265 	4.4103 	4.3192 	4.4362 	4.2576 	4.2639 	4.2448 	4.1911 	4.0854 	4.2732 	4.1776 	4.1568 	4.1719 	4.1543 	4.2288 	4.3376 	4.1804 	4.0740 	4.1038 	4.2488 	4.1522 	4.4580 	4.4050 	3.9903 	4.0106 	3.9750 	3.9847 	4.1470 	3.8673 	4.1045 	4.2295 	4.4520 	4.6885 	4.1535 	3.3967 	3.3513 	3.5220 	3.5935 	3.7730 	3.7677 	3.8668 	3.8310 	3.9713 	4.0546 	3.9425 	3.8600 	3.9185 	4.0388 	4.0807 	4.0845 	4.3797 	4.5236 	4.7336 	4.7019 	4.6227 	4.4775 	4.4200 	4.0210 	4.0926 	4.0598 	3.5902 	3.4953 	3.8598 	3.3696 	3.6062 	3.8498 	3.9825 	4.1835 	3.9632 	4.1587 	4.3687 	4.0580 	4.2947 	4.0895 	4.1913 	3.8165 	3.7101 	3.8802 	3.8070 	3.7132 	3.5723 	3.6030 	3.5303 	3.4196 	3.3211 	3.2435 	3.2078 	3.1452 	3.2173 	2.9979 	2.8811 	2.7033 	2.5539 	2.3813 	2.3209 	2.0640 	1.9972 	1.9092 	1.9445 	1.8137 	1.6787 	1.4693 	1.3665 	1.2989 	1.1402 	1.2951 	1.2497 	1.1731 	1.1465 	: 	: 	: 	: 	: 	: 	: 	: 	: 	: 	: 	: 	: 	: 	: 	: 	: 	: 	: 	: 	: 	: 	: 	: 	: 	: 	: 	: 	: 	: 	: 	: 	: 	: 	: 	: 	: 	: 	: 	: 	: 	: 	: 	: 	: 	: 	: 	: 	: 	: 	: 	: 	: 	: 	: 	: 	: 	: 	: 	: 	: 	: 	: 	: 	: 	: 	: 	: 	: 	: 	: 	: 	: 	: 	: 	: 
END,NAC,RON	4.7496 	4.7343 	4.7608 	4.6635 	4.6638 	4.6631 	4.6565 	4.6585 	4.5993 	4.5523 	4.5525 	4.5390 	4.4537 	4.5234 	4.4718 	4.5240 	4.4176 	4.4725 	4.4098 	4.4828 	4.4102 	4.3830 	4.4592 	4.4710 	4.4620 	4.4603 	4.4193 	4.4445 	4.5383 	4.4513 	4.3820 	4.3233 	4.3575 	4.2435 	4.1221 	4.2620 	4.2718 	4.3700 	4.0970 	4.2363 	4.2180 	4.2072 	4.2385 	4.0225 	3.7413 	3.6415 	3.7268 	3.6077 	3.3441 	3.1340 	3.3547 	3.3835 	3.5362 	3.5703 	3.5198 	3.6802 	3.5603 	3.6030 	3.6767 	3.9390 	4.1135 	4.0626 	4.0963 	4.1158 	3.8435 	3.7660 	3.6250 	3.5135 	3.2578 	3.3408 	2.8751 	2.7817 	2.7876 	2.4719 	2.4330 	2.4142 	2.1187 	2.0416 	1.8615 	1.8345 	1.7560 	1.6388 	1.6059 	1.2814 	1.0823 	0.9501 	0.9137 	0.8859 	0.8473 	0.7946 	0.8100 	0.5182 	0.4096 	0.3809 	0.3753 	0.3384 	: 	0.265235 	0.247389 	0.217348 	0.217920 	0.201936 	0.190516 	0.142359 	0.107020 	0.0853370 	0.0718350 	: 	: 	: 	: 	: 	: 	: 	: 	: 	: 	: 	: 	: 	: 	: 	: 	: 	: 	: 	: 	: 	: 	: 	: 	: 	: 	: 	: 	: 	: 	: 	: 	: 	: 	: 	: 	: 	: 	: 	: 	: 	: 	: 	: 	: 	: 	: 	: 	: 	: 	: 	: 	: 	: 	: 	: 	: 	: 	: 	: 	: 	: 	: 	: 	: 	: 	: 	: 	: 	: 	: 	: 	: 	: 	: 	: 	: 	: 	: 	: 	: 	: 	: 	: 	: 	: 	: 	: 
END,NAC,RSD	117.5283 	117.9121 	117.9720 	118.1946 	118.4179 	118.0676 	118.3853 	118.4727 	119.3659 	120.8486 	123.9679 	123.4723 	123.2929 	123.3115 	122.9245 	121.6261 	119.7491 	120.6042 	120.2153 	120.9583 	118.8509 	115.7853 	115.3845 	114.6421 	114.6044 	114.1715 	111.9575 	113.7183 	115.0320 	115.8203 	111.3643 	104.6409 	101.1732 	102.4631 	103.5951 	105.4982 	106.1748 	104.3704 	99.7604 	95.8888 	93.0114 	93.4415 	94.7778 	88.6010 	76.5972 	78.9784 	82.3146 	79.2362 	78.8606 	79.0254 	81.5742 	79.0000 	82.0000 	86.0000 	86.9005 	85.2000 	84.7000 	82.7750 	81.0520 	78.8850 	75.0001 	72.1759 	69.8000 	68.3129 	65.9556 	64.2679 	64.3829 	61.5152 	60.9298 	60.5769 	: 	: 	: 	: 	: 	: 	: 	: 	: 	: 	: 	: 	: 	: 	: 	: 	: 	: 	: 	: 	: 	: 	: 	: 	: 	: 	: 	: 	: 	: 	: 	: 	: 	: 	: 	: 	: 	: 	: 	: 	: 	: 	: 	: 	: 	: 	: 	: 	: 	: 	: 	: 	: 	: 	: 	: 	: 	: 	: 	: 	: 	: 	: 	: 	: 	: 	: 	: 	: 	: 	: 	: 	: 	: 	: 	: 	: 	: 	: 	: 	: 	: 	: 	: 	: 	: 	: 	: 	: 	: 	: 	: 	: 	: 	: 	: 	: 	: 	: 	: 	: 	: 	: 	: 	: 	: 	: 	: 	: 	: 	: 	: 	: 	: 	: 	: 	: 	: 	: 	: 	: 	: 	: 	: 	: 
END,NAC,RUB	70.7557 	71.5975 	72.8564 	79.7153 	76.1422 	73.1582 	70.8897 	69.3920 	68.2519 	67.5449 	60.3130 	64.3000 	70.5140 	71.5200 	76.3051 	80.6736 	73.2416 	62.3550 	62.4400 	72.3370 	49.7653 	46.3779 	48.7800 	45.3246 	43.8240 	42.8450 	39.7617 	40.3295 	40.1400 	41.3700 	39.2950 	41.7650 	43.3500 	40.4000 	40.2850 	40.8200 	41.6923 	38.2820 	39.6950 	43.1540 	43.9800 	43.8810 	45.0320 	41.2830 	36.4095 	36.9477 	37.1130 	35.9860 	35.3490 	34.8070 	34.6580 	34.6800 	33.9420 	34.2400 	33.5460 	33.9200 	34.3340 	34.6370 	36.1404 	37.7879 	36.2637 	35.3300 	34.8700 	36.9555 	35.6702 	34.6882 	34.1923 	33.5108 	31.2748 	31.4444 	27.1460 	26.8631 	26.9397 	24.7232 	25.3928 	26.6746 	24.3371 	26.7979 	27.3498 	27.6689 	26.8088 	25.0558 	26.8834 	: 	: 	: 	: 	: 	: 	: 	: 	: 	: 	: 	: 	: 	: 	: 	: 	: 	: 	: 	: 	: 	: 	: 	: 	: 	: 	: 	: 	: 	: 	: 	: 	: 	: 	: 	: 	: 	: 	: 	: 	: 	: 	: 	: 	: 	: 	: 	: 	: 	: 	: 	: 	: 	: 	: 	: 	: 	: 	: 	: 	: 	: 	: 	: 	: 	: 	: 	: 	: 	: 	: 	: 	: 	: 	: 	: 	: 	: 	: 	: 	: 	: 	: 	: 	: 	: 	: 	: 	: 	: 	: 	: 	: 	: 	: 	: 	: 	: 	: 	: 	: 	: 	: 	: 	: 	: 	: 	: 	: 	: 	: 	: 
END,NAC,SEK	10.6958 	10.5633 	10.3980 	10.2548 	10.3090 	10.4530 	10.2843 	9.8438 	9.6490 	9.6398 	9.5322 	9.5525 	9.6210 	9.4242 	9.2253 	9.1895 	9.4083 	9.2150 	9.2901 	9.3930 	9.1465 	9.1762 	8.9483 	8.8591 	8.6575 	8.7773 	8.3553 	8.5820 	8.4498 	8.7728 	8.8455 	8.9120 	9.2580 	9.1739 	8.9329 	8.9655 	9.1421 	9.5259 	9.7135 	10.2520 	10.2320 	10.8125 	10.9400 	10.8700 	9.7943 	9.4703 	9.3970 	9.4415 	9.2147 	9.2525 	9.3462 	9.0404 	9.2797 	9.2385 	9.4315 	9.3885 	9.3267 	9.4259 	9.1430 	9.0206 	9.0588 	9.1451 	9.2581 	9.0800 	8.9625 	9.2488 	9.2608 	9.1528 	9.1516 	9.1015 	9.0304 	9.3012 	9.7321 	9.2125 	9.1570 	8.8313 	8.5265 	8.4210 	8.2825 	8.5625 	8.7235 	8.7470 	8.8870 	9.4880 	9.1987 	8.7367 	8.5782 	8.7323 	8.4377 	8.7469 	8.8073 	8.6280 	8.3317 	8.3626 	8.5975 	8.6973 	9.1636 	9.7841 	9.9223 	9.1779 	9.2671 	9.2756 	9.0388 	9.2963 	9.4753 	8.9296 	9.3169 	8.5490 	7.3954 	7.4027 	7.4120 	7.4502 	7.4730 	7.4186 	7.4128 	7.6754 	7.5809 	7.4693 	7.3896 	7.4106 	7.0812 	7.0307 	7.0685 	7.1762 	7.1068 	7.1494 	7.3508 	7.5529 	7.2761 	7.2430 	7.2590 	7.2518 	7.1248 	6.9664 	6.8518 	6.7172 	6.6635 	6.4753 	6.4894 	6.3699 	6.3382 	6.5822 	6.6370 	6.6260 	6.7117 	6.8082 	6.9284 	7.0809 	5.8404 	5.8578 	5.9159 	6.0037 	5.9752 	5.3637 	5.5493 	5.7329 	5.8261 	5.9335 	5.8292 	5.9729 	5.8910 	5.8379 	5.9066 	5.8695 	5.7911 	5.6837 	5.7620 	5.7077 	5.5125 	4.9843 	4.7090 	4.6575 	4.7312 	4.9004 	4.9568 	5.1079 	5.2042 	5.0497 	5.1153 	5.0998 	5.2687 	: 	: 	: 	: 	: 	: 	: 	: 	: 	: 	: 	: 	: 	: 
END,NAC,SGD	1.5060 	1.5395 	1.5214 	1.5591 	1.5839 	1.5896 	1.6158 	1.6024 	1.6031 	1.5710 	1.4940 	1.5234 	1.5235 	1.4957 	1.5304 	1.5417 	1.5921 	1.5068 	1.4774 	1.6058 	1.6063 	1.7047 	1.7366 	1.7414 	1.6961 	1.6545 	1.5900 	1.6111 	1.5848 	1.5974 	1.6775 	1.6819 	1.7589 	1.7761 	1.7902 	1.7136 	1.7942 	1.7160 	1.8862 	2.0194 	2.0654 	2.0441 	2.0234 	2.0040 	2.0439 	2.1446 	2.1819 	2.1163 	2.1066 	2.0664 	2.0204 	2.0202 	2.0076 	2.0137 	1.9582 	1.9628 	2.0353 	2.0377 	2.1377 	2.2262 	2.0937 	2.0901 	2.0459 	2.1450 	2.0125 	2.0149 	1.9211 	1.8199 	1.7542 	1.7586 	1.6057 	1.6306 	1.6123 	1.5451 	1.5929 	1.6126 	1.5247 	1.6513 	1.6354 	1.6718 	1.8132 	1.7558 	1.8544 	: 	: 	: 	: 	: 	: 	: 	: 	: 	: 	: 	: 	: 	: 	: 	: 	: 	: 	: 	: 	: 	: 	: 	: 	: 	: 	: 	: 	: 	: 	: 	: 	: 	: 	: 	: 	: 	: 	: 	: 	: 	: 	: 	: 	: 	: 	: 	: 	: 	: 	: 	: 	: 	: 	: 	: 	: 	: 	: 	: 	: 	: 	: 	: 	: 	: 	: 	: 	: 	: 	: 	: 	: 	: 	: 	: 	: 	: 	: 	: 	: 	: 	: 	: 	: 	: 	: 	: 	: 	: 	: 	: 	: 	: 	: 	: 	: 	: 	: 	: 	: 	: 	: 	: 	: 	: 	: 	: 	: 	: 	: 	: 
END,NAC,THB	33.3150 	34.8970 	35.6320 	37.0520 	37.4480 	38.5650 	38.4780 	39.1210 	39.3380 	38.7440 	36.7240 	37.7260 	38.6950 	39.0070 	40.0180 	39.2480 	40.7120 	37.7960 	35.0180 	39.9100 	40.8000 	44.3230 	44.7090 	45.1780 	42.2640 	40.6130 	37.4230 	40.3470 	39.8110 	39.8730 	41.1770 	40.9910 	42.0480 	44.3800 	42.9760 	40.1700 	41.4420 	39.7670 	43.5980 	47.9860 	48.9880 	48.1400 	47.2230 	48.2850 	48.4730 	52.7380 	49.7840 	43.8000 	45.0630 	42.6150 	43.0570 	46.7700 	47.5720 	48.5750 	47.0080 	48.4370 	49.4400 	49.9380 	50.6500 	53.0420 	51.4126 	49.7343 	48.0135 	50.0406 	46.5618 	48.0476 	46.7396 	45.2369 	42.6862 	41.4204 	37.9058 	38.9446 	40.6291 	38.3913 	39.6680 	40.2912 	36.9191 	37.4445 	36.1497 	37.5980 	43.8192 	38.0639 	40.3843 	: 	: 	: 	: 	: 	: 	: 	: 	: 	: 	: 	: 	: 	: 	: 	: 	: 	: 	: 	: 	: 	: 	: 	: 	: 	: 	: 	: 	: 	: 	: 	: 	: 	: 	: 	: 	: 	: 	: 	: 	: 	: 	: 	: 	: 	: 	: 	: 	: 	: 	: 	: 	: 	: 	: 	: 	: 	: 	: 	: 	: 	: 	: 	: 	: 	: 	: 	: 	: 	: 	: 	: 	: 	: 	: 	: 	: 	: 	: 	: 	: 	: 	: 	: 	: 	: 	: 	: 	: 	: 	: 	: 	: 	: 	: 	: 	: 	: 	: 	: 	: 	: 	: 	: 	: 	: 	: 	: 	: 	: 	: 	: 
END,NAC,TRY	6.1491 	6.5655 	6.3446 	6.0588 	6.9650 	5.3385 	4.8976 	4.5464 	4.2013 	4.0134 	3.8894 	3.7072 	3.3576 	3.2060 	3.2118 	3.1765 	3.3903 	2.9953 	2.8131 	2.8320 	2.8779 	2.8969 	2.9693 	2.9605 	2.7510 	2.5210 	2.3212 	2.3551 	2.3203 	2.2834 	2.3774 	2.4432 	2.5100 	2.3500 	2.1947 	2.0694 	1.9806 	1.9400 	2.0512 	2.1547 	2.1734 	2.1614 	2.2212 	2.1488 	1.8136 	1.9323 	2.0675 	1.7170 	1.7159 	1.7740 	1.8455 	1.8640 	1.9112 	2.0075 	1.6323 	1.5924 	1.6230 	1.6194 	1.7572 	1.8362 	1.8636 	1.8053 	1.6122 	1.7716 	1.6280 	1.6180 	1.8640 	1.7380 	1.6370 	1.5780 	1.1720 	1.2695 	1.3950 	1.0670 	0.8994 	0.6243 	0.5835 	0.5907 	0.5618 	0.5446 	0.4918 	0.4349 	0.4008 	0.3657 	0.3240 	0.2910 	0.2607 	0.2266 	0.1933 	0.1661 	0.1473 	0.1350 	0.1145 	0.1024 	0.0907 	0.0804 	0.0646 	0.0591 	0.0560 	0.0473 	0.0423 	0.0374 	0.0256 	0.0161 	0.0142 	0.0126 	0.0114 	0.0104 	0.0102 	0.0092 	0.0078 	0.0068 	0.0058 	0.0049 	0.0044 	0.0040 	0.0036 	0.0033 	0.0030 	: 	: 	: 	: 	: 	: 	: 	: 	: 	: 	: 	: 	: 	: 	: 	: 	: 	: 	: 	: 	: 	: 	: 	: 	: 	: 	: 	: 	: 	: 	: 	: 	: 	: 	: 	: 	: 	: 	: 	: 	: 	: 	: 	: 	: 	: 	: 	: 	: 	: 	: 	: 	: 	: 	: 	: 	: 	: 	: 	: 	: 	: 	: 	: 	: 	: 	: 	: 	: 	: 	: 	: 	: 	: 	: 	: 
END,NAC,TWD	33.8090 	35.2870 	34.6530 	35.0610 	35.2930 	35.4640 	35.9300 	35.5640 	35.8280 	34.6630 	32.4900 	34.1770 	34.9830 	35.7390 	36.5900 	35.7900 	36.8340 	34.5640 	33.6190 	38.4400 	38.3010 	40.7930 	42.0110 	41.1230 	39.9430 	39.3790 	38.2590 	38.3260 	37.8810 	37.5260 	39.4210 	39.1960 	41.1290 	41.6250 	41.7850 	38.9500 	42.7500 	39.5850 	42.8750 	46.0650 	47.0950 	46.3650 	45.1250 	45.7000 	46.0350 	47.8450 	48.0370 	47.7530 	46.3230 	44.2240 	44.0800 	42.9120 	41.9080 	41.1630 	39.2800 	38.7420 	39.9690 	38.2390 	40.8500 	43.3320 	42.1700 	41.0520 	40.3670 	42.9330 	39.3530 	39.5550 	37.8590 	36.4480 	34.4330 	33.4700 	30.5320 	30.8950 	31.5890 	29.2070 	28.9910 	30.8010 	27.4370 	29.4050 	29.1170 	32.9200 	33.5800 	34.5700 	36.6000 	: 	: 	: 	: 	: 	: 	: 	: 	: 	: 	: 	: 	: 	: 	: 	: 	: 	: 	: 	: 	: 	: 	: 	: 	: 	: 	: 	: 	: 	: 	: 	: 	: 	: 	: 	: 	: 	: 	: 	: 	: 	: 	: 	: 	: 	: 	: 	: 	: 	: 	: 	: 	: 	: 	: 	: 	: 	: 	: 	: 	: 	: 	: 	: 	: 	: 	: 	: 	: 	: 	: 	: 	: 	: 	: 	: 	: 	: 	: 	: 	: 	: 	: 	: 	: 	: 	: 	: 	: 	: 	: 	: 	: 	: 	: 	: 	: 	: 	: 	: 	: 	: 	: 	: 	: 	: 	: 	: 	: 	: 	: 	: 
END,NAC,USD	1.0889 	1.1380 	1.1235 	1.1450 	1.1576 	1.1658 	1.2321 	1.1993 	1.1806 	1.1412 	1.0691 	1.0541 	1.1161 	1.1102 	1.1385 	1.0887 	1.1203 	1.1189 	1.0759 	1.2141 	1.2583 	1.3658 	1.3788 	1.3791 	1.3505 	1.3080 	1.2805 	1.3194 	1.2930 	1.2590 	1.3356 	1.2939 	1.3503 	1.4453 	1.4207 	1.3362 	1.3648 	1.2271 	1.3479 	1.4406 	1.4643 	1.4134 	1.3308 	1.3917 	1.4303 	1.5764 	1.5812 	1.4721 	1.4179 	1.3505 	1.3318 	1.3170 	1.2660 	1.2713 	1.2104 	1.1797 	1.2042 	1.2092 	1.2964 	1.3621 	1.2409 	1.2155 	1.2224 	1.2630 	1.1652 	1.1427 	1.0895 	1.0487 	0.9860 	0.9975 	0.8724 	0.8813 	0.9131 	0.8480 	0.8832 	0.9305 	0.8765 	0.9556 	0.9553 	1.0046 	1.0665 	1.0328 	1.0742 	1.1667 	1.1716 	1.0959 	1.0762 	1.1042 	1.1130 	1.1300 	1.1617 	1.2530 	1.2559 	1.2572 	1.2835 	1.3142 	1.3185 	1.3430 	1.3394 	1.2300 	1.2410 	1.2042 	1.1546 	1.1157 	1.1760 	1.1611 	1.2012 	1.2109 	1.3980 	1.3423 	1.2438 	1.3409 	1.2315 	1.1337 	1.2002 	1.3633 	1.3155 	1.2348 	1.2069 	1.1970 	1.1052 	1.0590 	1.1003 	1.1726 	1.1042 	1.1410 	1.2517 	1.3034 	1.1297 	1.1328 	1.1480 	1.0704 	1.0296 	0.9782 	0.9367 	0.8879 	0.8262 	0.7349 	0.7271 	0.7089 	0.7389 	0.8039 	0.8598 	0.8274 	0.8594 	0.8918 	0.9238 	0.9677 	0.9306 	0.9598 	0.9952 	1.0852 	1.0668 	1.0545 	1.2097 	1.3096 	1.3999 	1.4301 	1.3029 	1.4384 	1.4277 	1.3645 	1.3517 	1.3769 	1.3159 	1.2441 	1.2593 	1.2251 	1.1428 	1.1337 	1.1220 	1.1300 	1.1127 	1.1011 	1.1262 	1.1653 	1.1545 	1.2843 	1.2994 	1.2573 	1.1825 	: 	: 	: 	: 	: 	: 	: 	: 	: 	: 	: 	: 	: 	: 
END,NAC,ZAR	16.5576 	16.1218 	16.2642 	16.4594 	16.4447 	16.0484 	14.6210 	14.8054 	15.9440 	14.9200 	14.2404 	14.4570 	15.5238 	16.4461 	16.7866 	16.9530 	15.4984 	13.6416 	13.1324 	14.0353 	14.2606 	14.4597 	14.5875 	14.5660 	13.5985 	13.0704 	11.8200 	11.1727 	10.7125 	10.3669 	10.2322 	10.4830 	10.9085 	9.8569 	9.6507 	8.8625 	9.5438 	9.3808 	9.8922 	10.6660 	10.8984 	10.8853 	12.6140 	13.0667 	11.8270 	12.3426 	12.8118 	10.0298 	9.7562 	9.5531 	9.7005 	9.2124 	9.8277 	9.1848 	7.5066 	7.4642 	7.6765 	8.0254 	8.0898 	7.6897 	7.9792 	7.6177 	7.7788 	8.3276 	8.1393 	8.5422 	8.6356 	9.0094 	10.4077 	10.3043 	9.9389 	10.4302 	8.2217 	6.8332 	7.0656 	7.0392 	6.3745 	6.4981 	6.2873 	6.1870 	6.4097 	6.2621 	6.6493 	6.8488 	6.8713 	6.4329 	5.4169 	5.3731 	5.1921 	5.1133 	5.1383 	5.8646 	5.6848 	5.4392 	5.1099 	4.7914 	4.8121 	4.8853 	4.8121 	4.3596 	4.4257 	4.3979 	4.0167 	3.7908 	: 	: 	: 	: 	: 	: 	: 	: 	: 	: 	: 	: 	: 	: 	: 	: 	: 	: 	: 	: 	: 	: 	: 	: 	: 	: 	: 	: 	: 	: 	: 	: 	: 	: 	: 	: 	: 	: 	: 	: 	: 	: 	: 	: 	: 	: 	: 	: 	: 	: 	: 	: 	: 	: 	: 	: 	: 	: 	: 	: 	: 	: 	: 	: 	: 	: 	: 	: 	: 	: 	: 	: 	: 	: 	: 	: 	: 	: 	: 	: 	: 	: 	: 	: 	: 	: 	: 	: 	: 	: 	: 
